0 verbose cli /usr/local/bin/node /usr/local/bin/npm
1 info using npm@9.5.0
2 info using node@v18.15.0
3 timing npm:load:whichnode Completed in 0ms
4 timing config:load:defaults Completed in 2ms
5 timing config:load:file:/usr/local/lib/node_modules/npm/npmrc Completed in 0ms
6 timing config:load:builtin Completed in 1ms
7 timing config:load:cli Completed in 0ms
8 timing config:load:env Completed in 1ms
9 timing config:load:file:/Users/nikolaischoenwald/.gemini/antigravity/scratch/battlemap-resizer/.npmrc Completed in 0ms
10 timing config:load:project Completed in 0ms
11 timing config:load:file:/Users/nikolaischoenwald/.npmrc Completed in 0ms
12 timing config:load:user Completed in 0ms
13 timing config:load:file:/usr/local/etc/npmrc Completed in 0ms
14 timing config:load:global Completed in 0ms
15 timing config:load:setEnvs Completed in 1ms
16 timing config:load Completed in 5ms
17 timing npm:load:configload Completed in 6ms
18 timing npm:load:mkdirpcache Completed in 0ms
19 timing npm:load:mkdirplogs Completed in 0ms
20 verbose title npm install
21 verbose argv "install" "--cache" "./npm-cache"
22 timing npm:load:setTitle Completed in 7ms
23 timing config:load:flatten Completed in 1ms
24 timing npm:load:display Completed in 1ms
25 verbose logfile logs-max:10 dir:/Users/nikolaischoenwald/.gemini/antigravity/scratch/battlemap-resizer/npm-cache/_logs/2025-12-06T08_27_45_103Z-
26 verbose logfile /Users/nikolaischoenwald/.gemini/antigravity/scratch/battlemap-resizer/npm-cache/_logs/2025-12-06T08_27_45_103Z-debug-0.log
27 timing npm:load:logFile Completed in 3ms
28 timing npm:load:timers Completed in 0ms
29 timing npm:load:configScope Completed in 0ms
30 timing npm:load Completed in 17ms
31 timing arborist:ctor Completed in 0ms
32 silly logfile done cleaning log files
33 timing arborist:ctor Completed in 0ms
34 timing idealTree:init Completed in 6ms
35 timing idealTree:userRequests Completed in 1ms
36 silly idealTree buildDeps
37 silly fetch manifest react@^19.2.0
38 http fetch GET 200 https://registry.npmjs.org/npm 188ms (cache miss)
39 http fetch GET 200 https://registry.npmjs.org/react 211ms (cache miss)
40 silly fetch manifest react-dom@^19.2.0
41 http fetch GET 200 https://registry.npmjs.org/react-dom 127ms (cache miss)
42 silly fetch manifest @eslint/js@^9.39.1
43 http fetch GET 200 https://registry.npmjs.org/@eslint%2fjs 106ms (cache miss)
44 silly fetch manifest @types/node@^24.10.1
45 http fetch GET 200 https://registry.npmjs.org/@types%2fnode 108ms (cache miss)
46 silly fetch manifest @types/react@^19.2.5
47 http fetch GET 200 https://registry.npmjs.org/@types%2freact 58ms (cache miss)
48 silly fetch manifest @types/react-dom@^19.2.3
49 http fetch GET 200 https://registry.npmjs.org/@types%2freact-dom 53ms (cache miss)
50 silly fetch manifest @vitejs/plugin-react@^5.1.1
51 http fetch GET 200 https://registry.npmjs.org/@vitejs%2fplugin-react 50ms (cache miss)
52 silly fetch manifest vite@^7.2.4
53 http fetch GET 200 https://registry.npmjs.org/vite 62ms (cache miss)
54 silly fetch manifest jiti@>=1.21.0
55 http fetch GET 200 https://registry.npmjs.org/jiti 41ms (cache miss)
56 silly fetch manifest less@^4.0.0
57 http fetch GET 200 https://registry.npmjs.org/less 35ms (cache miss)
58 silly fetch manifest lightningcss@^1.21.0
59 http fetch GET 200 https://registry.npmjs.org/lightningcss 33ms (cache miss)
60 silly fetch manifest sass@^1.70.0
61 http fetch GET 200 https://registry.npmjs.org/sass 60ms (cache miss)
62 silly fetch manifest sass-embedded@^1.70.0
63 http fetch GET 200 https://registry.npmjs.org/sass-embedded 39ms (cache miss)
64 silly fetch manifest stylus@>=0.54.8
65 http fetch GET 200 https://registry.npmjs.org/stylus 37ms (cache miss)
66 silly fetch manifest sugarss@^5.0.0
67 http fetch GET 200 https://registry.npmjs.org/sugarss 35ms (cache miss)
68 silly fetch manifest postcss@^8.3.3
69 http fetch GET 200 https://registry.npmjs.org/postcss 45ms (cache miss)
70 silly fetch manifest terser@^5.16.0
71 http fetch GET 200 https://registry.npmjs.org/terser 46ms (cache miss)
72 silly fetch manifest tsx@^4.8.1
73 http fetch GET 200 https://registry.npmjs.org/tsx 40ms (cache miss)
74 silly fetch manifest yaml@^2.4.2
75 http fetch GET 200 https://registry.npmjs.org/yaml 38ms (cache miss)
76 silly fetch manifest eslint@^9.39.1
77 http fetch GET 200 https://registry.npmjs.org/eslint 48ms (cache miss)
78 silly fetch manifest jiti@*
79 silly fetch manifest eslint-plugin-react-hooks@^7.0.1
80 http fetch GET 200 https://registry.npmjs.org/eslint-plugin-react-hooks 127ms (cache miss)
81 silly fetch manifest eslint-plugin-react-refresh@^0.4.24
82 http fetch GET 200 https://registry.npmjs.org/eslint-plugin-react-refresh 38ms (cache miss)
83 silly fetch manifest globals@^16.5.0
84 http fetch GET 200 https://registry.npmjs.org/globals 39ms (cache miss)
85 silly fetch manifest typescript@~5.9.3
86 http fetch GET 200 https://registry.npmjs.org/typescript 197ms (cache miss)
87 silly fetch manifest typescript-eslint@^8.46.4
88 http fetch GET 200 https://registry.npmjs.org/typescript-eslint 53ms (cache miss)
89 silly placeDep ROOT @eslint/js@9.39.1 OK for: battlemap-resizer@0.0.0 want: ^9.39.1
90 silly placeDep ROOT @types/node@24.10.1 OK for: battlemap-resizer@0.0.0 want: ^24.10.1
91 silly placeDep ROOT @types/react@19.2.7 OK for: battlemap-resizer@0.0.0 want: ^19.2.5
92 silly placeDep ROOT @types/react-dom@19.2.3 OK for: battlemap-resizer@0.0.0 want: ^19.2.3
93 silly placeDep ROOT @vitejs/plugin-react@5.1.1 OK for: battlemap-resizer@0.0.0 want: ^5.1.1
94 silly placeDep ROOT vite@7.2.6 OK for: @vitejs/plugin-react@5.1.1 want: ^4.2.0 || ^5.0.0 || ^6.0.0 || ^7.0.0
95 silly placeDep ROOT eslint@9.39.1 OK for: battlemap-resizer@0.0.0 want: ^9.39.1
96 silly placeDep ROOT eslint-plugin-react-hooks@7.0.1 OK for: battlemap-resizer@0.0.0 want: ^7.0.1
97 silly placeDep ROOT eslint-plugin-react-refresh@0.4.24 OK for: battlemap-resizer@0.0.0 want: ^0.4.24
98 silly placeDep ROOT globals@16.5.0 OK for: battlemap-resizer@0.0.0 want: ^16.5.0
99 silly placeDep ROOT react@19.2.1 OK for: battlemap-resizer@0.0.0 want: ^19.2.0
100 silly placeDep ROOT react-dom@19.2.1 OK for: battlemap-resizer@0.0.0 want: ^19.2.0
101 silly placeDep ROOT typescript@5.9.3 OK for: battlemap-resizer@0.0.0 want: ~5.9.3
102 silly placeDep ROOT typescript-eslint@8.48.1 OK for: battlemap-resizer@0.0.0 want: ^8.46.4
103 silly fetch manifest undici-types@~7.16.0
104 silly fetch manifest csstype@^3.2.2
105 silly fetch manifest @babel/core@^7.28.5
106 silly fetch manifest @babel/plugin-transform-react-jsx-self@^7.27.1
107 silly fetch manifest @babel/plugin-transform-react-jsx-source@^7.27.1
108 silly fetch manifest @rolldown/pluginutils@1.0.0-beta.47
109 silly fetch manifest @types/babel__core@^7.20.5
110 silly fetch manifest react-refresh@^0.18.0
111 silly fetch manifest fdir@^6.5.0
112 silly fetch manifest rollup@^4.43.0
113 silly fetch manifest esbuild@^0.25.0
114 silly fetch manifest postcss@^8.5.6
115 silly fetch manifest picomatch@^4.0.3
116 silly fetch manifest tinyglobby@^0.2.15
117 silly fetch manifest fsevents@~2.3.3
118 silly fetch manifest ajv@^6.12.4
119 silly fetch manifest chalk@^4.0.0
120 silly fetch manifest debug@^4.3.2
121 silly fetch manifest espree@^10.4.0
122 silly fetch manifest ignore@^5.2.0
123 silly fetch manifest esquery@^1.5.0
124 silly fetch manifest esutils@^2.0.2
125 silly fetch manifest find-up@^5.0.0
126 silly fetch manifest is-glob@^4.0.0
127 silly fetch manifest minimatch@^3.1.2
128 silly fetch manifest optionator@^0.9.3
129 silly fetch manifest cross-spawn@^7.0.6
130 silly fetch manifest glob-parent@^6.0.2
131 silly fetch manifest imurmurhash@^0.1.4
132 silly fetch manifest @eslint/core@^0.17.0
133 silly fetch manifest eslint-scope@^8.4.0
134 silly fetch manifest lodash.merge@^4.6.2
135 silly fetch manifest @humanfs/node@^0.16.6
136 silly fetch manifest @types/estree@^1.0.6
137 silly fetch manifest fast-deep-equal@^3.1.3
138 silly fetch manifest natural-compare@^1.4.0
139 silly fetch manifest @eslint/eslintrc@^3.3.1
140 silly fetch manifest file-entry-cache@^8.0.0
141 silly fetch manifest @eslint/plugin-kit@^0.4.1
142 silly fetch manifest eslint-visitor-keys@^4.2.1
143 silly fetch manifest @eslint/config-array@^0.21.1
144 silly fetch manifest @humanwhocodes/retry@^0.4.2
145 silly fetch manifest escape-string-regexp@^4.0.0
146 silly fetch manifest @eslint/config-helpers@^0.4.2
147 silly fetch manifest @eslint-community/regexpp@^4.12.1
148 silly fetch manifest @eslint-community/eslint-utils@^4.8.0
149 silly fetch manifest @humanwhocodes/module-importer@^1.0.1
150 silly fetch manifest json-stable-stringify-without-jsonify@^1.0.1
151 silly fetch manifest zod@^3.25.0 || ^4.0.0
152 silly fetch manifest @babel/core@^7.24.4
153 silly fetch manifest @babel/parser@^7.24.4
154 silly fetch manifest hermes-parser@^0.25.1
155 silly fetch manifest zod-validation-error@^3.5.0 || ^4.0.0
156 silly fetch manifest scheduler@^0.27.0
157 silly fetch manifest @typescript-eslint/utils@8.48.1
158 silly fetch manifest @typescript-eslint/parser@8.48.1
159 silly fetch manifest @typescript-eslint/eslint-plugin@8.48.1
160 silly fetch manifest @typescript-eslint/typescript-estree@8.48.1
161 http fetch GET 200 https://registry.npmjs.org/undici-types 64ms (cache miss)
162 http fetch GET 200 https://registry.npmjs.org/csstype 65ms (cache miss)
163 http fetch GET 200 https://registry.npmjs.org/chalk 91ms (cache miss)
164 http fetch GET 200 https://registry.npmjs.org/debug 96ms (cache miss)
165 http fetch GET 200 https://registry.npmjs.org/picomatch 98ms (cache miss)
166 http fetch GET 200 https://registry.npmjs.org/@babel%2fplugin-transform-react-jsx-source 112ms (cache miss)
167 http fetch GET 200 https://registry.npmjs.org/fsevents 116ms (cache miss)
168 http fetch GET 200 https://registry.npmjs.org/tinyglobby 123ms (cache miss)
169 http fetch GET 200 https://registry.npmjs.org/@babel%2fplugin-transform-react-jsx-self 129ms (cache miss)
170 http fetch GET 200 https://registry.npmjs.org/fdir 133ms (cache miss)
171 http fetch GET 200 https://registry.npmjs.org/@babel%2fcore 138ms (cache miss)
172 http fetch GET 200 https://registry.npmjs.org/ajv 135ms (cache miss)
173 http fetch GET 200 https://registry.npmjs.org/@rolldown%2fpluginutils 144ms (cache miss)
174 http fetch GET 200 https://registry.npmjs.org/espree 159ms (cache miss)
175 http fetch GET 200 https://registry.npmjs.org/esquery 162ms (cache miss)
176 http fetch GET 200 https://registry.npmjs.org/esutils 163ms (cache miss)
177 http fetch GET 200 https://registry.npmjs.org/ignore 164ms (cache miss)
178 http fetch GET 200 https://registry.npmjs.org/find-up 164ms (cache miss)
179 http fetch GET 200 https://registry.npmjs.org/is-glob 172ms (cache miss)
180 http fetch GET 200 https://registry.npmjs.org/cross-spawn 172ms (cache miss)
181 http fetch GET 200 https://registry.npmjs.org/@types%2fbabel__core 185ms (cache miss)
182 http fetch GET 200 https://registry.npmjs.org/minimatch 184ms (cache miss)
183 http fetch GET 200 https://registry.npmjs.org/imurmurhash 186ms (cache miss)
184 http fetch GET 200 https://registry.npmjs.org/glob-parent 188ms (cache miss)
185 http fetch GET 200 https://registry.npmjs.org/rollup 194ms (cache miss)
186 http fetch GET 200 https://registry.npmjs.org/esbuild 208ms (cache miss)
187 http fetch GET 200 https://registry.npmjs.org/lodash.merge 209ms (cache miss)
188 http fetch GET 200 https://registry.npmjs.org/@eslint%2fcore 211ms (cache miss)
189 http fetch GET 200 https://registry.npmjs.org/optionator 212ms (cache miss)
190 http fetch GET 200 https://registry.npmjs.org/@humanfs%2fnode 211ms (cache miss)
191 http fetch GET 200 https://registry.npmjs.org/natural-compare 210ms (cache miss)
192 http fetch GET 200 https://registry.npmjs.org/eslint-scope 213ms (cache miss)
193 http fetch GET 200 https://registry.npmjs.org/@types%2festree 213ms (cache miss)
194 http fetch GET 200 https://registry.npmjs.org/file-entry-cache 219ms (cache miss)
195 http fetch GET 200 https://registry.npmjs.org/eslint-visitor-keys 220ms (cache miss)
196 http fetch GET 200 https://registry.npmjs.org/@eslint%2fplugin-kit 225ms (cache miss)
197 http fetch GET 200 https://registry.npmjs.org/fast-deep-equal 228ms (cache miss)
198 http fetch GET 200 https://registry.npmjs.org/react-refresh 235ms (cache miss)
199 http fetch GET 200 https://registry.npmjs.org/@humanwhocodes%2fretry 233ms (cache miss)
200 http fetch GET 200 https://registry.npmjs.org/@eslint%2fconfig-helpers 237ms (cache miss)
201 http fetch GET 200 https://registry.npmjs.org/@eslint%2fconfig-array 245ms (cache miss)
202 http fetch GET 200 https://registry.npmjs.org/escape-string-regexp 245ms (cache miss)
203 http fetch GET 200 https://registry.npmjs.org/json-stable-stringify-without-jsonify 242ms (cache miss)
204 http fetch GET 200 https://registry.npmjs.org/@eslint-community%2feslint-utils 243ms (cache miss)
205 http fetch GET 200 https://registry.npmjs.org/@humanwhocodes%2fmodule-importer 250ms (cache miss)
206 http fetch GET 200 https://registry.npmjs.org/hermes-parser 250ms (cache miss)
207 http fetch GET 200 https://registry.npmjs.org/zod-validation-error 252ms (cache miss)
208 http fetch GET 200 https://registry.npmjs.org/@eslint%2feslintrc 264ms (cache miss)
209 http fetch GET 200 https://registry.npmjs.org/@babel%2fparser 274ms (cache miss)
210 http fetch GET 200 https://registry.npmjs.org/@babel%2fcore 278ms (cache miss)
211 http fetch GET 200 https://registry.npmjs.org/zod 283ms (cache miss)
212 http fetch GET 200 https://registry.npmjs.org/@eslint-community%2fregexpp 291ms (cache miss)
213 http fetch GET 200 https://registry.npmjs.org/@typescript-eslint%2futils 461ms (cache miss)
214 http fetch GET 200 https://registry.npmjs.org/scheduler 483ms (cache miss)
215 http fetch GET 200 https://registry.npmjs.org/@typescript-eslint%2fparser 612ms (cache miss)
216 http fetch GET 200 https://registry.npmjs.org/@typescript-eslint%2ftypescript-estree 650ms (cache miss)
217 http fetch GET 200 https://registry.npmjs.org/@typescript-eslint%2feslint-plugin 694ms (cache miss)
218 timing idealTree:#root Completed in 2634ms
219 timing idealTree:node_modules/@eslint/js Completed in 0ms
220 silly placeDep ROOT undici-types@7.16.0 OK for: @types/node@24.10.1 want: ~7.16.0
221 timing idealTree:node_modules/@types/node Completed in 1ms
222 silly placeDep ROOT csstype@3.2.3 OK for: @types/react@19.2.7 want: ^3.2.2
223 timing idealTree:node_modules/@types/react Completed in 0ms
224 timing idealTree:node_modules/@types/react-dom Completed in 0ms
225 silly placeDep ROOT @babel/core@7.28.5 OK for: @vitejs/plugin-react@5.1.1 want: ^7.28.5
226 silly placeDep ROOT @babel/plugin-transform-react-jsx-self@7.27.1 OK for: @vitejs/plugin-react@5.1.1 want: ^7.27.1
227 silly placeDep ROOT @babel/plugin-transform-react-jsx-source@7.27.1 OK for: @vitejs/plugin-react@5.1.1 want: ^7.27.1
228 silly placeDep ROOT @rolldown/pluginutils@1.0.0-beta.47 OK for: @vitejs/plugin-react@5.1.1 want: 1.0.0-beta.47
229 silly placeDep ROOT @types/babel__core@7.20.5 OK for: @vitejs/plugin-react@5.1.1 want: ^7.20.5
230 silly placeDep ROOT react-refresh@0.18.0 OK for: @vitejs/plugin-react@5.1.1 want: ^0.18.0
231 silly fetch manifest @babel/code-frame@^7.27.1
232 silly fetch manifest @babel/generator@^7.28.5
233 silly fetch manifest @babel/helper-compilation-targets@^7.27.2
234 silly fetch manifest @babel/helper-module-transforms@^7.28.3
235 silly fetch manifest @babel/helpers@^7.28.4
236 silly fetch manifest @babel/parser@^7.28.5
237 silly fetch manifest @babel/template@^7.27.2
238 silly fetch manifest @babel/traverse@^7.28.5
239 silly fetch manifest @babel/types@^7.28.5
240 silly fetch manifest @jridgewell/remapping@^2.3.5
241 silly fetch manifest convert-source-map@^2.0.0
242 silly fetch manifest debug@^4.1.0
243 silly fetch manifest gensync@^1.0.0-beta.2
244 silly fetch manifest json5@^2.2.3
245 silly fetch manifest semver@^6.3.1
246 silly fetch manifest @babel/helper-plugin-utils@^7.27.1
247 silly fetch manifest @babel/types@^7.20.7
248 silly fetch manifest @babel/parser@^7.20.7
249 silly fetch manifest @types/babel__template@*
250 silly fetch manifest @types/babel__traverse@*
251 silly fetch manifest @types/babel__generator@*
252 http fetch GET 200 https://registry.npmjs.org/gensync 41ms (cache miss)
253 http fetch GET 200 https://registry.npmjs.org/json5 41ms (cache miss)
254 http fetch GET 200 https://registry.npmjs.org/@babel%2fhelper-plugin-utils 50ms (cache miss)
255 http fetch GET 200 https://registry.npmjs.org/@babel%2fhelper-compilation-targets 55ms (cache miss)
256 http fetch GET 200 https://registry.npmjs.org/semver 54ms (cache miss)
257 http fetch GET 200 https://registry.npmjs.org/@babel%2fhelpers 62ms (cache miss)
258 http fetch GET 200 https://registry.npmjs.org/convert-source-map 62ms (cache miss)
259 http fetch GET 200 https://registry.npmjs.org/@babel%2fhelper-module-transforms 73ms (cache miss)
260 http fetch GET 200 https://registry.npmjs.org/@babel%2ftypes 72ms (cache miss)
261 http fetch GET 200 https://registry.npmjs.org/@babel%2fgenerator 81ms (cache miss)
262 http fetch GET 200 https://registry.npmjs.org/@babel%2ftypes 80ms (cache miss)
263 http fetch GET 200 https://registry.npmjs.org/@babel%2ftemplate 84ms (cache miss)
264 http fetch GET 200 https://registry.npmjs.org/@babel%2fcode-frame 86ms (cache miss)
265 http fetch GET 200 https://registry.npmjs.org/@types%2fbabel__template 81ms (cache miss)
266 http fetch GET 200 https://registry.npmjs.org/@babel%2ftraverse 86ms (cache miss)
267 http fetch GET 200 https://registry.npmjs.org/@types%2fbabel__traverse 82ms (cache miss)
268 http fetch GET 200 https://registry.npmjs.org/@types%2fbabel__generator 84ms (cache miss)
269 http fetch GET 200 https://registry.npmjs.org/@jridgewell%2fremapping 110ms (cache miss)
270 timing idealTree:node_modules/@vitejs/plugin-react Completed in 117ms
271 silly fetch manifest @babel/core@^7.0.0
272 silly placeDep ROOT @babel/code-frame@7.27.1 OK for: @babel/core@7.28.5 want: ^7.27.1
273 silly placeDep ROOT @babel/generator@7.28.5 OK for: @babel/core@7.28.5 want: ^7.28.5
274 silly placeDep ROOT @babel/helper-compilation-targets@7.27.2 OK for: @babel/core@7.28.5 want: ^7.27.2
275 silly placeDep ROOT @babel/helper-module-transforms@7.28.3 OK for: @babel/core@7.28.5 want: ^7.28.3
276 silly placeDep ROOT @babel/helpers@7.28.4 OK for: @babel/core@7.28.5 want: ^7.28.4
277 silly placeDep ROOT @babel/parser@7.28.5 OK for: @babel/core@7.28.5 want: ^7.28.5
278 silly placeDep ROOT @babel/template@7.27.2 OK for: @babel/core@7.28.5 want: ^7.27.2
279 silly placeDep ROOT @babel/traverse@7.28.5 OK for: @babel/core@7.28.5 want: ^7.28.5
280 silly placeDep ROOT @babel/types@7.28.5 OK for: @babel/core@7.28.5 want: ^7.28.5
281 silly placeDep ROOT @jridgewell/remapping@2.3.5 OK for: @babel/core@7.28.5 want: ^2.3.5
282 silly placeDep ROOT convert-source-map@2.0.0 OK for: @babel/core@7.28.5 want: ^2.0.0
283 silly placeDep ROOT debug@4.4.3 OK for: @babel/core@7.28.5 want: ^4.1.0
284 silly placeDep ROOT gensync@1.0.0-beta.2 OK for: @babel/core@7.28.5 want: ^1.0.0-beta.2
285 silly placeDep ROOT json5@2.2.3 OK for: @babel/core@7.28.5 want: ^2.2.3
286 silly placeDep ROOT semver@6.3.1 OK for: @babel/core@7.28.5 want: ^6.3.1
287 silly fetch manifest js-tokens@^4.0.0
288 silly fetch manifest picocolors@^1.1.1
289 silly fetch manifest @babel/helper-validator-identifier@^7.27.1
290 silly fetch manifest @jridgewell/gen-mapping@^0.3.12
291 silly fetch manifest @jridgewell/trace-mapping@^0.3.28
292 silly fetch manifest jsesc@^3.0.2
293 silly fetch manifest lru-cache@^5.1.1
294 silly fetch manifest browserslist@^4.24.0
295 silly fetch manifest @babel/compat-data@^7.27.2
296 silly fetch manifest @babel/helper-validator-option@^7.27.1
297 silly fetch manifest @babel/helper-module-imports@^7.27.1
298 silly fetch manifest @babel/helper-globals@^7.28.0
299 silly fetch manifest @babel/helper-string-parser@^7.27.1
300 silly fetch manifest @babel/helper-validator-identifier@^7.28.5
301 silly fetch manifest @jridgewell/gen-mapping@^0.3.5
302 silly fetch manifest @jridgewell/trace-mapping@^0.3.24
303 silly fetch manifest ms@^2.1.3
304 http fetch GET 200 https://registry.npmjs.org/picocolors 40ms (cache miss)
305 http fetch GET 200 https://registry.npmjs.org/js-tokens 43ms (cache miss)
306 http fetch GET 200 https://registry.npmjs.org/jsesc 46ms (cache miss)
307 http fetch GET 200 https://registry.npmjs.org/browserslist 47ms (cache miss)
308 http fetch GET 200 https://registry.npmjs.org/@babel%2fhelper-validator-identifier 49ms (cache miss)
309 http fetch GET 200 https://registry.npmjs.org/@jridgewell%2fgen-mapping 50ms (cache miss)
310 http fetch GET 200 https://registry.npmjs.org/@jridgewell%2ftrace-mapping 55ms (cache miss)
311 http fetch GET 200 https://registry.npmjs.org/@jridgewell%2fgen-mapping 62ms (cache miss)
312 http fetch GET 200 https://registry.npmjs.org/@babel%2fhelper-globals 60ms (cache miss)
313 http fetch GET 200 https://registry.npmjs.org/lru-cache 62ms (cache miss)
314 http fetch GET 200 https://registry.npmjs.org/@babel%2fhelper-validator-option 62ms (cache miss)
315 http fetch GET 200 https://registry.npmjs.org/@babel%2fhelper-validator-identifier 71ms (cache miss)
316 http fetch GET 200 https://registry.npmjs.org/@babel%2fhelper-module-imports 74ms (cache miss)
317 http fetch GET 200 https://registry.npmjs.org/ms 72ms (cache miss)
318 http fetch GET 200 https://registry.npmjs.org/@jridgewell%2ftrace-mapping 75ms (cache miss)
319 http fetch GET 200 https://registry.npmjs.org/@babel%2fcompat-data 81ms (cache miss)
320 http fetch GET 200 https://registry.npmjs.org/@babel%2fhelper-string-parser 79ms (cache miss)
321 timing idealTree:node_modules/@babel/core Completed in 91ms
322 silly placeDep ROOT @babel/helper-validator-identifier@7.28.5 OK for: @babel/code-frame@7.27.1 want: ^7.27.1
323 silly placeDep ROOT js-tokens@4.0.0 OK for: @babel/code-frame@7.27.1 want: ^4.0.0
324 silly placeDep ROOT picocolors@1.1.1 OK for: @babel/code-frame@7.27.1 want: ^1.1.1
325 timing idealTree:node_modules/@babel/code-frame Completed in 2ms
326 silly placeDep ROOT @jridgewell/gen-mapping@0.3.13 OK for: @babel/generator@7.28.5 want: ^0.3.12
327 silly placeDep ROOT @jridgewell/trace-mapping@0.3.31 OK for: @babel/generator@7.28.5 want: ^0.3.28
328 silly placeDep ROOT jsesc@3.1.0 OK for: @babel/generator@7.28.5 want: ^3.0.2
329 silly fetch manifest @jridgewell/sourcemap-codec@^1.5.0
330 silly fetch manifest @jridgewell/resolve-uri@^3.1.0
331 silly fetch manifest @jridgewell/sourcemap-codec@^1.4.14
332 http fetch GET 200 https://registry.npmjs.org/@jridgewell%2fsourcemap-codec 46ms (cache miss)
333 http fetch GET 200 https://registry.npmjs.org/@jridgewell%2fsourcemap-codec 46ms (cache miss)
334 http fetch GET 200 https://registry.npmjs.org/@jridgewell%2fresolve-uri 49ms (cache miss)
335 timing idealTree:node_modules/@babel/generator Completed in 51ms
336 silly placeDep ROOT @babel/compat-data@7.28.5 OK for: @babel/helper-compilation-targets@7.27.2 want: ^7.27.2
337 silly placeDep ROOT @babel/helper-validator-option@7.27.1 OK for: @babel/helper-compilation-targets@7.27.2 want: ^7.27.1
338 silly placeDep ROOT browserslist@4.28.1 OK for: @babel/helper-compilation-targets@7.27.2 want: ^4.24.0
339 silly placeDep ROOT lru-cache@5.1.1 OK for: @babel/helper-compilation-targets@7.27.2 want: ^5.1.1
340 silly fetch manifest baseline-browser-mapping@^2.9.0
341 silly fetch manifest caniuse-lite@^1.0.30001759
342 silly fetch manifest electron-to-chromium@^1.5.263
343 silly fetch manifest node-releases@^2.0.27
344 silly fetch manifest update-browserslist-db@^1.2.0
345 silly fetch manifest yallist@^3.0.2
346 http fetch GET 200 https://registry.npmjs.org/yallist 41ms (cache miss)
347 http fetch GET 200 https://registry.npmjs.org/update-browserslist-db 46ms (cache miss)
348 http fetch GET 200 https://registry.npmjs.org/node-releases 52ms (cache miss)
349 http fetch GET 200 https://registry.npmjs.org/baseline-browser-mapping 59ms (cache miss)
350 http fetch GET 200 https://registry.npmjs.org/caniuse-lite 75ms (cache miss)
351 http fetch GET 200 https://registry.npmjs.org/electron-to-chromium 104ms (cache miss)
352 timing idealTree:node_modules/@babel/helper-compilation-targets Completed in 113ms
353 timing idealTree:node_modules/@babel/compat-data Completed in 0ms
354 silly placeDep ROOT @babel/helper-module-imports@7.27.1 OK for: @babel/helper-module-transforms@7.28.3 want: ^7.27.1
355 timing idealTree:node_modules/@babel/helper-module-transforms Completed in 1ms
356 timing idealTree:node_modules/@babel/helper-module-imports Completed in 0ms
357 timing idealTree:node_modules/@babel/helper-validator-identifier Completed in 0ms
358 timing idealTree:node_modules/@babel/helper-validator-option Completed in 0ms
359 timing idealTree:node_modules/@babel/helpers Completed in 0ms
360 timing idealTree:node_modules/@babel/parser Completed in 0ms
361 silly placeDep ROOT @babel/helper-plugin-utils@7.27.1 OK for: @babel/plugin-transform-react-jsx-self@7.27.1 want: ^7.27.1
362 timing idealTree:node_modules/@babel/plugin-transform-react-jsx-self Completed in 1ms
363 timing idealTree:node_modules/@babel/helper-plugin-utils Completed in 0ms
364 timing idealTree:node_modules/@babel/plugin-transform-react-jsx-source Completed in 0ms
365 timing idealTree:node_modules/@babel/template Completed in 0ms
366 silly placeDep ROOT @babel/helper-globals@7.28.0 OK for: @babel/traverse@7.28.5 want: ^7.28.0
367 timing idealTree:node_modules/@babel/traverse Completed in 0ms
368 timing idealTree:node_modules/@babel/helper-globals Completed in 0ms
369 silly placeDep ROOT @babel/helper-string-parser@7.27.1 OK for: @babel/types@7.28.5 want: ^7.27.1
370 timing idealTree:node_modules/@babel/types Completed in 1ms
371 timing idealTree:node_modules/@babel/helper-string-parser Completed in 0ms
372 silly placeDep ROOT @jridgewell/sourcemap-codec@1.5.5 OK for: @jridgewell/gen-mapping@0.3.13 want: ^1.5.0
373 timing idealTree:node_modules/@jridgewell/gen-mapping Completed in 0ms
374 timing idealTree:node_modules/@jridgewell/remapping Completed in 0ms
375 timing idealTree:node_modules/@jridgewell/sourcemap-codec Completed in 0ms
376 silly placeDep ROOT @jridgewell/resolve-uri@3.1.2 OK for: @jridgewell/trace-mapping@0.3.31 want: ^3.1.0
377 timing idealTree:node_modules/@jridgewell/trace-mapping Completed in 1ms
378 timing idealTree:node_modules/@jridgewell/resolve-uri Completed in 0ms
379 timing idealTree:node_modules/@rolldown/pluginutils Completed in 0ms
380 silly placeDep ROOT @types/babel__generator@7.27.0 OK for: @types/babel__core@7.20.5 want: *
381 silly placeDep ROOT @types/babel__template@7.4.4 OK for: @types/babel__core@7.20.5 want: *
382 silly placeDep ROOT @types/babel__traverse@7.28.0 OK for: @types/babel__core@7.20.5 want: *
383 timing idealTree:node_modules/@types/babel__core Completed in 1ms
384 timing idealTree:node_modules/@types/babel__generator Completed in 0ms
385 timing idealTree:node_modules/@types/babel__template Completed in 0ms
386 timing idealTree:node_modules/@types/babel__traverse Completed in 0ms
387 silly fetch manifest browserslist@>= 4.21.0
388 silly placeDep ROOT baseline-browser-mapping@2.9.3 OK for: browserslist@4.28.1 want: ^2.9.0
389 silly placeDep ROOT caniuse-lite@1.0.30001759 OK for: browserslist@4.28.1 want: ^1.0.30001759
390 silly placeDep ROOT electron-to-chromium@1.5.266 OK for: browserslist@4.28.1 want: ^1.5.263
391 silly placeDep ROOT node-releases@2.0.27 OK for: browserslist@4.28.1 want: ^2.0.27
392 silly placeDep ROOT update-browserslist-db@1.2.2 OK for: browserslist@4.28.1 want: ^1.2.0
393 silly fetch manifest escalade@^3.2.0
394 http fetch GET 200 https://registry.npmjs.org/escalade 33ms (cache miss)
395 timing idealTree:node_modules/browserslist Completed in 36ms
396 timing idealTree:node_modules/baseline-browser-mapping Completed in 0ms
397 timing idealTree:node_modules/caniuse-lite Completed in 0ms
398 timing idealTree:node_modules/convert-source-map Completed in 0ms
399 timing idealTree:node_modules/csstype Completed in 0ms
400 silly placeDep ROOT ms@2.1.3 OK for: debug@4.4.3 want: ^2.1.3
401 timing idealTree:node_modules/debug Completed in 1ms
402 timing idealTree:node_modules/electron-to-chromium Completed in 0ms
403 silly fetch manifest eslint@^6.0.0 || ^7.0.0 || >=8.0.0
404 silly placeDep ROOT @eslint-community/eslint-utils@4.9.0 OK for: eslint@9.39.1 want: ^4.8.0
405 silly placeDep ROOT @eslint-community/regexpp@4.12.2 OK for: eslint@9.39.1 want: ^4.12.1
406 silly placeDep ROOT @eslint/config-array@0.21.1 OK for: eslint@9.39.1 want: ^0.21.1
407 silly placeDep ROOT @eslint/config-helpers@0.4.2 OK for: eslint@9.39.1 want: ^0.4.2
408 silly placeDep ROOT @eslint/core@0.17.0 OK for: eslint@9.39.1 want: ^0.17.0
409 silly placeDep ROOT @eslint/eslintrc@3.3.3 OK for: eslint@9.39.1 want: ^3.3.1
410 silly placeDep ROOT @eslint/plugin-kit@0.4.1 OK for: eslint@9.39.1 want: ^0.4.1
411 silly placeDep ROOT @humanfs/node@0.16.7 OK for: eslint@9.39.1 want: ^0.16.6
412 silly placeDep ROOT @humanwhocodes/module-importer@1.0.1 OK for: eslint@9.39.1 want: ^1.0.1
413 silly placeDep ROOT @humanwhocodes/retry@0.4.3 OK for: eslint@9.39.1 want: ^0.4.2
414 silly placeDep ROOT @types/estree@1.0.8 OK for: eslint@9.39.1 want: ^1.0.6
415 silly placeDep ROOT ajv@6.12.6 OK for: eslint@9.39.1 want: ^6.12.4
416 silly placeDep ROOT chalk@4.1.2 OK for: eslint@9.39.1 want: ^4.0.0
417 silly placeDep ROOT cross-spawn@7.0.6 OK for: eslint@9.39.1 want: ^7.0.6
418 silly placeDep ROOT escape-string-regexp@4.0.0 OK for: eslint@9.39.1 want: ^4.0.0
419 silly placeDep ROOT eslint-scope@8.4.0 OK for: eslint@9.39.1 want: ^8.4.0
420 silly placeDep ROOT eslint-visitor-keys@4.2.1 OK for: eslint@9.39.1 want: ^4.2.1
421 silly placeDep ROOT espree@10.4.0 OK for: eslint@9.39.1 want: ^10.4.0
422 silly placeDep ROOT esquery@1.6.0 OK for: eslint@9.39.1 want: ^1.5.0
423 silly placeDep ROOT esutils@2.0.3 OK for: eslint@9.39.1 want: ^2.0.2
424 silly placeDep ROOT fast-deep-equal@3.1.3 OK for: eslint@9.39.1 want: ^3.1.3
425 silly placeDep ROOT file-entry-cache@8.0.0 OK for: eslint@9.39.1 want: ^8.0.0
426 silly placeDep ROOT find-up@5.0.0 OK for: eslint@9.39.1 want: ^5.0.0
427 silly placeDep ROOT glob-parent@6.0.2 OK for: eslint@9.39.1 want: ^6.0.2
428 silly placeDep ROOT ignore@5.3.2 OK for: eslint@9.39.1 want: ^5.2.0
429 silly placeDep ROOT imurmurhash@0.1.4 OK for: eslint@9.39.1 want: ^0.1.4
430 silly placeDep ROOT is-glob@4.0.3 OK for: eslint@9.39.1 want: ^4.0.0
431 silly placeDep ROOT json-stable-stringify-without-jsonify@1.0.1 OK for: eslint@9.39.1 want: ^1.0.1
432 silly placeDep ROOT lodash.merge@4.6.2 OK for: eslint@9.39.1 want: ^4.6.2
433 silly placeDep ROOT minimatch@3.1.2 OK for: eslint@9.39.1 want: ^3.1.2
434 silly placeDep ROOT natural-compare@1.4.0 OK for: eslint@9.39.1 want: ^1.4.0
435 silly placeDep ROOT optionator@0.9.4 OK for: eslint@9.39.1 want: ^0.9.3
436 silly fetch manifest eslint-visitor-keys@^3.4.3
437 silly fetch manifest @eslint/object-schema@^2.1.7
438 silly fetch manifest @types/json-schema@^7.0.15
439 silly fetch manifest globals@^14.0.0
440 silly fetch manifest import-fresh@^3.2.1
441 silly fetch manifest js-yaml@^4.1.1
442 silly fetch manifest strip-json-comments@^3.1.1
443 silly fetch manifest levn@^0.4.1
444 silly fetch manifest @humanfs/core@^0.19.1
445 silly fetch manifest uri-js@^4.2.2
446 silly fetch manifest json-schema-traverse@^0.4.1
447 silly fetch manifest fast-json-stable-stringify@^2.0.0
448 silly fetch manifest ansi-styles@^4.1.0
449 silly fetch manifest supports-color@^7.1.0
450 silly fetch manifest which@^2.0.1
451 silly fetch manifest path-key@^3.1.0
452 silly fetch manifest shebang-command@^2.0.0
453 silly fetch manifest esrecurse@^4.3.0
454 silly fetch manifest estraverse@^5.2.0
455 silly fetch manifest acorn@^8.15.0
456 silly fetch manifest acorn-jsx@^5.3.2
457 silly fetch manifest estraverse@^5.1.0
458 silly fetch manifest flat-cache@^4.0.0
459 silly fetch manifest locate-path@^6.0.0
460 silly fetch manifest path-exists@^4.0.0
461 silly fetch manifest is-extglob@^2.1.1
462 silly fetch manifest brace-expansion@^1.1.7
463 silly fetch manifest prelude-ls@^1.2.1
464 silly fetch manifest deep-is@^0.1.3
465 silly fetch manifest word-wrap@^1.2.5
466 silly fetch manifest type-check@^0.4.0
467 silly fetch manifest fast-levenshtein@^2.0.6
468 http fetch GET 200 https://registry.npmjs.org/import-fresh 50ms (cache miss)
469 http fetch GET 200 https://registry.npmjs.org/js-yaml 50ms (cache miss)
470 http fetch GET 200 https://registry.npmjs.org/ansi-styles 48ms (cache miss)
471 http fetch GET 200 https://registry.npmjs.org/which 49ms (cache miss)
472 http fetch GET 200 https://registry.npmjs.org/levn 53ms (cache miss)
473 http fetch GET 200 https://registry.npmjs.org/path-key 53ms (cache miss)
474 http fetch GET 200 https://registry.npmjs.org/@eslint%2fobject-schema 56ms (cache miss)
475 http fetch GET 200 https://registry.npmjs.org/@humanfs%2fcore 58ms (cache miss)
476 http fetch GET 200 https://registry.npmjs.org/shebang-command 56ms (cache miss)
477 http fetch GET 200 https://registry.npmjs.org/fast-json-stable-stringify 59ms (cache miss)
478 http fetch GET 200 https://registry.npmjs.org/json-schema-traverse 59ms (cache miss)
479 http fetch GET 200 https://registry.npmjs.org/@types%2fjson-schema 62ms (cache miss)
480 http fetch GET 200 https://registry.npmjs.org/strip-json-comments 61ms (cache miss)
481 http fetch GET 200 https://registry.npmjs.org/uri-js 63ms (cache miss)
482 http fetch GET 200 https://registry.npmjs.org/supports-color 73ms (cache miss)
483 http fetch GET 200 https://registry.npmjs.org/estraverse 73ms (cache miss)
484 http fetch GET 200 https://registry.npmjs.org/esrecurse 75ms (cache miss)
485 http fetch GET 200 https://registry.npmjs.org/acorn 82ms (cache miss)
486 http fetch GET 200 https://registry.npmjs.org/path-exists 81ms (cache miss)
487 http fetch GET 200 https://registry.npmjs.org/flat-cache 83ms (cache miss)
488 http fetch GET 200 https://registry.npmjs.org/estraverse 90ms (cache miss)
489 http fetch GET 200 https://registry.npmjs.org/prelude-ls 88ms (cache miss)
490 http fetch GET 200 https://registry.npmjs.org/is-extglob 91ms (cache miss)
491 http fetch GET 200 https://registry.npmjs.org/word-wrap 88ms (cache miss)
492 http fetch GET 200 https://registry.npmjs.org/locate-path 92ms (cache miss)
493 http fetch GET 200 https://registry.npmjs.org/acorn-jsx 93ms (cache miss)
494 http fetch GET 200 https://registry.npmjs.org/deep-is 89ms (cache miss)
495 http fetch GET 200 https://registry.npmjs.org/type-check 89ms (cache miss)
496 http fetch GET 200 https://registry.npmjs.org/brace-expansion 91ms (cache miss)
497 http fetch GET 200 https://registry.npmjs.org/fast-levenshtein 102ms (cache miss)
498 timing idealTree:node_modules/eslint Completed in 129ms
499 silly placeDep node_modules/@eslint-community/eslint-utils eslint-visitor-keys@3.4.3 OK for: @eslint-community/eslint-utils@4.9.0 want: ^3.4.3
500 timing idealTree:node_modules/@eslint-community/eslint-utils Completed in 1ms
501 timing idealTree:node_modules/@eslint-community/regexpp Completed in 0ms
502 silly placeDep ROOT @eslint/object-schema@2.1.7 OK for: @eslint/config-array@0.21.1 want: ^2.1.7
503 timing idealTree:node_modules/@eslint/config-array Completed in 1ms
504 timing idealTree:node_modules/@eslint/config-helpers Completed in 0ms
505 silly placeDep ROOT @types/json-schema@7.0.15 OK for: @eslint/core@0.17.0 want: ^7.0.15
506 timing idealTree:node_modules/@eslint/core Completed in 0ms
507 silly placeDep node_modules/@eslint/eslintrc globals@14.0.0 OK for: @eslint/eslintrc@3.3.3 want: ^14.0.0
508 silly placeDep ROOT import-fresh@3.3.1 OK for: @eslint/eslintrc@3.3.3 want: ^3.2.1
509 silly placeDep ROOT js-yaml@4.1.1 OK for: @eslint/eslintrc@3.3.3 want: ^4.1.1
510 silly placeDep ROOT strip-json-comments@3.1.1 OK for: @eslint/eslintrc@3.3.3 want: ^3.1.1
511 silly fetch manifest parent-module@^1.0.0
512 silly fetch manifest resolve-from@^4.0.0
513 silly fetch manifest argparse@^2.0.1
514 http fetch GET 200 https://registry.npmjs.org/parent-module 30ms (cache miss)
515 http fetch GET 200 https://registry.npmjs.org/resolve-from 39ms (cache miss)
516 http fetch GET 200 https://registry.npmjs.org/argparse 40ms (cache miss)
517 timing idealTree:node_modules/@eslint/eslintrc Completed in 42ms
518 timing idealTree:node_modules/@eslint/object-schema Completed in 0ms
519 silly placeDep ROOT levn@0.4.1 OK for: @eslint/plugin-kit@0.4.1 want: ^0.4.1
520 silly fetch manifest type-check@~0.4.0
521 timing idealTree:node_modules/@eslint/plugin-kit Completed in 1ms
522 silly placeDep ROOT @humanfs/core@0.19.1 OK for: @humanfs/node@0.16.7 want: ^0.19.1
523 timing idealTree:node_modules/@humanfs/node Completed in 0ms
524 timing idealTree:node_modules/@humanfs/core Completed in 0ms
525 timing idealTree:node_modules/@humanwhocodes/module-importer Completed in 0ms
526 timing idealTree:node_modules/@humanwhocodes/retry Completed in 0ms
527 timing idealTree:node_modules/@types/estree Completed in 0ms
528 timing idealTree:node_modules/@types/json-schema Completed in 0ms
529 silly placeDep ROOT fast-json-stable-stringify@2.1.0 OK for: ajv@6.12.6 want: ^2.0.0
530 silly placeDep ROOT json-schema-traverse@0.4.1 OK for: ajv@6.12.6 want: ^0.4.1
531 silly placeDep ROOT uri-js@4.4.1 OK for: ajv@6.12.6 want: ^4.2.2
532 silly fetch manifest punycode@^2.1.0
533 http fetch GET 200 https://registry.npmjs.org/punycode 36ms (cache miss)
534 timing idealTree:node_modules/ajv Completed in 38ms
535 silly placeDep ROOT ansi-styles@4.3.0 OK for: chalk@4.1.2 want: ^4.1.0
536 silly placeDep ROOT supports-color@7.2.0 OK for: chalk@4.1.2 want: ^7.1.0
537 silly fetch manifest color-convert@^2.0.1
538 silly fetch manifest has-flag@^4.0.0
539 http fetch GET 200 https://registry.npmjs.org/color-convert 32ms (cache miss)
540 http fetch GET 200 https://registry.npmjs.org/has-flag 38ms (cache miss)
541 timing idealTree:node_modules/chalk Completed in 39ms
542 silly placeDep ROOT color-convert@2.0.1 OK for: ansi-styles@4.3.0 want: ^2.0.1
543 silly fetch manifest color-name@~1.1.4
544 http fetch GET 200 https://registry.npmjs.org/color-name 40ms (cache miss)
545 timing idealTree:node_modules/ansi-styles Completed in 41ms
546 silly placeDep ROOT color-name@1.1.4 OK for: color-convert@2.0.1 want: ~1.1.4
547 timing idealTree:node_modules/color-convert Completed in 1ms
548 timing idealTree:node_modules/color-name Completed in 0ms
549 silly placeDep ROOT path-key@3.1.1 OK for: cross-spawn@7.0.6 want: ^3.1.0
550 silly placeDep ROOT shebang-command@2.0.0 OK for: cross-spawn@7.0.6 want: ^2.0.0
551 silly placeDep ROOT which@2.0.2 OK for: cross-spawn@7.0.6 want: ^2.0.1
552 silly fetch manifest shebang-regex@^3.0.0
553 silly fetch manifest isexe@^2.0.0
554 http fetch GET 200 https://registry.npmjs.org/isexe 39ms (cache miss)
555 http fetch GET 200 https://registry.npmjs.org/shebang-regex 39ms (cache miss)
556 timing idealTree:node_modules/cross-spawn Completed in 41ms
557 timing idealTree:node_modules/escape-string-regexp Completed in 0ms
558 silly placeDep ROOT hermes-parser@0.25.1 OK for: eslint-plugin-react-hooks@7.0.1 want: ^0.25.1
559 silly placeDep ROOT zod@4.1.13 OK for: eslint-plugin-react-hooks@7.0.1 want: ^3.25.0 || ^4.0.0
560 silly placeDep ROOT zod-validation-error@4.0.2 OK for: eslint-plugin-react-hooks@7.0.1 want: ^3.5.0 || ^4.0.0
561 silly fetch manifest hermes-estree@0.25.1
562 http fetch GET 200 https://registry.npmjs.org/hermes-estree 49ms (cache miss)
563 timing idealTree:node_modules/eslint-plugin-react-hooks Completed in 51ms
564 timing idealTree:node_modules/eslint-plugin-react-refresh Completed in 0ms
565 silly placeDep ROOT esrecurse@4.3.0 OK for: eslint-scope@8.4.0 want: ^4.3.0
566 silly placeDep ROOT estraverse@5.3.0 OK for: eslint-scope@8.4.0 want: ^5.2.0
567 timing idealTree:node_modules/eslint-scope Completed in 1ms
568 timing idealTree:node_modules/eslint-visitor-keys Completed in 0ms
569 silly placeDep ROOT acorn@8.15.0 OK for: espree@10.4.0 want: ^8.15.0
570 silly placeDep ROOT acorn-jsx@5.3.2 OK for: espree@10.4.0 want: ^5.3.2
571 timing idealTree:node_modules/espree Completed in 1ms
572 timing idealTree:node_modules/acorn Completed in 0ms
573 timing idealTree:node_modules/acorn-jsx Completed in 0ms
574 timing idealTree:node_modules/esquery Completed in 0ms
575 timing idealTree:node_modules/esrecurse Completed in 0ms
576 timing idealTree:node_modules/estraverse Completed in 0ms
577 timing idealTree:node_modules/esutils Completed in 0ms
578 timing idealTree:node_modules/fast-deep-equal Completed in 0ms
579 timing idealTree:node_modules/fast-json-stable-stringify Completed in 0ms
580 silly placeDep ROOT flat-cache@4.0.1 OK for: file-entry-cache@8.0.0 want: ^4.0.0
581 silly fetch manifest keyv@^4.5.4
582 silly fetch manifest flatted@^3.2.9
583 http fetch GET 200 https://registry.npmjs.org/flatted 42ms (cache miss)
584 http fetch GET 200 https://registry.npmjs.org/keyv 43ms (cache miss)
585 timing idealTree:node_modules/file-entry-cache Completed in 46ms
586 silly placeDep ROOT locate-path@6.0.0 OK for: find-up@5.0.0 want: ^6.0.0
587 silly placeDep ROOT path-exists@4.0.0 OK for: find-up@5.0.0 want: ^4.0.0
588 silly fetch manifest p-locate@^5.0.0
589 http fetch GET 200 https://registry.npmjs.org/p-locate 36ms (cache miss)
590 timing idealTree:node_modules/find-up Completed in 39ms
591 silly placeDep ROOT flatted@3.3.3 OK for: flat-cache@4.0.1 want: ^3.2.9
592 silly placeDep ROOT keyv@4.5.4 OK for: flat-cache@4.0.1 want: ^4.5.4
593 silly fetch manifest json-buffer@3.0.1
594 http fetch GET 200 https://registry.npmjs.org/json-buffer 43ms (cache miss)
595 timing idealTree:node_modules/flat-cache Completed in 45ms
596 timing idealTree:node_modules/flatted Completed in 1ms
597 timing idealTree:node_modules/gensync Completed in 0ms
598 timing idealTree:node_modules/glob-parent Completed in 0ms
599 timing idealTree:node_modules/globals Completed in 0ms
600 silly placeDep ROOT hermes-estree@0.25.1 OK for: hermes-parser@0.25.1 want: 0.25.1
601 timing idealTree:node_modules/hermes-parser Completed in 1ms
602 timing idealTree:node_modules/hermes-estree Completed in 0ms
603 timing idealTree:node_modules/ignore Completed in 0ms
604 silly placeDep ROOT parent-module@1.0.1 OK for: import-fresh@3.3.1 want: ^1.0.0
605 silly placeDep ROOT resolve-from@4.0.0 OK for: import-fresh@3.3.1 want: ^4.0.0
606 silly fetch manifest callsites@^3.0.0
607 http fetch GET 200 https://registry.npmjs.org/callsites 40ms (cache miss)
608 timing idealTree:node_modules/import-fresh Completed in 42ms
609 timing idealTree:node_modules/imurmurhash Completed in 0ms
610 silly placeDep ROOT is-extglob@2.1.1 OK for: is-glob@4.0.3 want: ^2.1.1
611 timing idealTree:node_modules/is-glob Completed in 1ms
612 timing idealTree:node_modules/is-extglob Completed in 0ms
613 timing idealTree:node_modules/js-tokens Completed in 0ms
614 silly placeDep ROOT argparse@2.0.1 OK for: js-yaml@4.1.1 want: ^2.0.1
615 timing idealTree:node_modules/js-yaml Completed in 0ms
616 timing idealTree:node_modules/argparse Completed in 0ms
617 timing idealTree:node_modules/jsesc Completed in 0ms
618 timing idealTree:node_modules/json-schema-traverse Completed in 0ms
619 timing idealTree:node_modules/json-stable-stringify-without-jsonify Completed in 0ms
620 timing idealTree:node_modules/json5 Completed in 0ms
621 silly placeDep ROOT json-buffer@3.0.1 OK for: keyv@4.5.4 want: 3.0.1
622 timing idealTree:node_modules/keyv Completed in 0ms
623 timing idealTree:node_modules/json-buffer Completed in 0ms
624 silly placeDep ROOT prelude-ls@1.2.1 OK for: levn@0.4.1 want: ^1.2.1
625 silly placeDep ROOT type-check@0.4.0 OK for: levn@0.4.1 want: ~0.4.0
626 timing idealTree:node_modules/levn Completed in 2ms
627 silly placeDep ROOT p-locate@5.0.0 OK for: locate-path@6.0.0 want: ^5.0.0
628 silly fetch manifest p-limit@^3.0.2
629 http fetch GET 200 https://registry.npmjs.org/p-limit 45ms (cache miss)
630 timing idealTree:node_modules/locate-path Completed in 47ms
631 timing idealTree:node_modules/lodash.merge Completed in 0ms
632 silly placeDep ROOT yallist@3.1.1 OK for: lru-cache@5.1.1 want: ^3.0.2
633 timing idealTree:node_modules/lru-cache Completed in 1ms
634 silly placeDep ROOT brace-expansion@1.1.12 OK for: minimatch@3.1.2 want: ^1.1.7
635 silly fetch manifest balanced-match@^1.0.0
636 silly fetch manifest concat-map@0.0.1
637 http fetch GET 200 https://registry.npmjs.org/balanced-match 40ms (cache miss)
638 http fetch GET 200 https://registry.npmjs.org/concat-map 40ms (cache miss)
639 timing idealTree:node_modules/minimatch Completed in 42ms
640 silly placeDep ROOT balanced-match@1.0.2 OK for: brace-expansion@1.1.12 want: ^1.0.0
641 silly placeDep ROOT concat-map@0.0.1 OK for: brace-expansion@1.1.12 want: 0.0.1
642 timing idealTree:node_modules/brace-expansion Completed in 2ms
643 timing idealTree:node_modules/balanced-match Completed in 0ms
644 timing idealTree:node_modules/concat-map Completed in 0ms
645 timing idealTree:node_modules/ms Completed in 0ms
646 timing idealTree:node_modules/natural-compare Completed in 0ms
647 timing idealTree:node_modules/node-releases Completed in 0ms
648 silly placeDep ROOT deep-is@0.1.4 OK for: optionator@0.9.4 want: ^0.1.3
649 silly placeDep ROOT fast-levenshtein@2.0.6 OK for: optionator@0.9.4 want: ^2.0.6
650 silly placeDep ROOT word-wrap@1.2.5 OK for: optionator@0.9.4 want: ^1.2.5
651 timing idealTree:node_modules/optionator Completed in 2ms
652 timing idealTree:node_modules/deep-is Completed in 0ms
653 timing idealTree:node_modules/fast-levenshtein Completed in 0ms
654 silly placeDep ROOT p-limit@3.1.0 OK for: p-locate@5.0.0 want: ^3.0.2
655 silly fetch manifest yocto-queue@^0.1.0
656 http fetch GET 200 https://registry.npmjs.org/yocto-queue 44ms (cache miss)
657 timing idealTree:node_modules/p-locate Completed in 46ms
658 silly placeDep ROOT yocto-queue@0.1.0 OK for: p-limit@3.1.0 want: ^0.1.0
659 timing idealTree:node_modules/p-limit Completed in 1ms
660 silly placeDep ROOT callsites@3.1.0 OK for: parent-module@1.0.1 want: ^3.0.0
661 timing idealTree:node_modules/parent-module Completed in 0ms
662 timing idealTree:node_modules/callsites Completed in 0ms
663 timing idealTree:node_modules/path-exists Completed in 0ms
664 timing idealTree:node_modules/path-key Completed in 0ms
665 timing idealTree:node_modules/picocolors Completed in 0ms
666 timing idealTree:node_modules/prelude-ls Completed in 0ms
667 timing idealTree:node_modules/react Completed in 0ms
668 silly placeDep ROOT scheduler@0.27.0 OK for: react-dom@19.2.1 want: ^0.27.0
669 timing idealTree:node_modules/react-dom Completed in 0ms
670 timing idealTree:node_modules/react-refresh Completed in 0ms
671 timing idealTree:node_modules/resolve-from Completed in 0ms
672 timing idealTree:node_modules/scheduler Completed in 0ms
673 timing idealTree:node_modules/semver Completed in 0ms
674 silly placeDep ROOT shebang-regex@3.0.0 OK for: shebang-command@2.0.0 want: ^3.0.0
675 timing idealTree:node_modules/shebang-command Completed in 0ms
676 timing idealTree:node_modules/shebang-regex Completed in 0ms
677 timing idealTree:node_modules/strip-json-comments Completed in 0ms
678 silly placeDep ROOT has-flag@4.0.0 OK for: supports-color@7.2.0 want: ^4.0.0
679 timing idealTree:node_modules/supports-color Completed in 1ms
680 timing idealTree:node_modules/has-flag Completed in 0ms
681 timing idealTree:node_modules/type-check Completed in 0ms
682 timing idealTree:node_modules/typescript Completed in 0ms
683 silly fetch manifest eslint@^8.57.0 || ^9.0.0
684 silly fetch manifest typescript@>=4.8.4 <6.0.0
685 silly placeDep ROOT @typescript-eslint/eslint-plugin@8.48.1 OK for: typescript-eslint@8.48.1 want: 8.48.1
686 silly placeDep ROOT @typescript-eslint/parser@8.48.1 OK for: @typescript-eslint/eslint-plugin@8.48.1 want: ^8.48.1
687 silly placeDep ROOT @typescript-eslint/typescript-estree@8.48.1 OK for: typescript-eslint@8.48.1 want: 8.48.1
688 silly placeDep ROOT @typescript-eslint/utils@8.48.1 OK for: typescript-eslint@8.48.1 want: 8.48.1
689 silly fetch manifest ignore@^7.0.0
690 silly fetch manifest graphemer@^1.4.0
691 silly fetch manifest ts-api-utils@^2.1.0
692 silly fetch manifest @typescript-eslint/type-utils@8.48.1
693 silly fetch manifest @typescript-eslint/visitor-keys@8.48.1
694 silly fetch manifest @typescript-eslint/scope-manager@8.48.1
695 silly fetch manifest @typescript-eslint/types@8.48.1
696 silly fetch manifest semver@^7.6.0
697 silly fetch manifest minimatch@^9.0.4
698 silly fetch manifest @typescript-eslint/tsconfig-utils@8.48.1
699 silly fetch manifest @typescript-eslint/project-service@8.48.1
700 http fetch GET 200 https://registry.npmjs.org/graphemer 45ms (cache miss)
701 http fetch GET 200 https://registry.npmjs.org/ts-api-utils 48ms (cache miss)
702 http fetch GET 200 https://registry.npmjs.org/@typescript-eslint%2fproject-service 53ms (cache miss)
703 http fetch GET 200 https://registry.npmjs.org/@typescript-eslint%2ftsconfig-utils 67ms (cache miss)
704 http fetch GET 200 https://registry.npmjs.org/@typescript-eslint%2ftype-utils 203ms (cache miss)
705 http fetch GET 200 https://registry.npmjs.org/@typescript-eslint%2ftypes 373ms (cache miss)
706 http fetch GET 200 https://registry.npmjs.org/@typescript-eslint%2fvisitor-keys 408ms (cache miss)
707 http fetch GET 200 https://registry.npmjs.org/@typescript-eslint%2fscope-manager 451ms (cache miss)
708 timing idealTree:node_modules/typescript-eslint Completed in 489ms
709 silly placeDep ROOT @typescript-eslint/scope-manager@8.48.1 OK for: @typescript-eslint/eslint-plugin@8.48.1 want: 8.48.1
710 silly placeDep ROOT @typescript-eslint/type-utils@8.48.1 OK for: @typescript-eslint/eslint-plugin@8.48.1 want: 8.48.1
711 silly placeDep ROOT @typescript-eslint/visitor-keys@8.48.1 OK for: @typescript-eslint/eslint-plugin@8.48.1 want: 8.48.1
712 silly placeDep ROOT graphemer@1.4.0 OK for: @typescript-eslint/eslint-plugin@8.48.1 want: ^1.4.0
713 silly placeDep node_modules/@typescript-eslint/eslint-plugin ignore@7.0.5 OK for: @typescript-eslint/eslint-plugin@8.48.1 want: ^7.0.0
714 silly placeDep ROOT ts-api-utils@2.1.0 OK for: @typescript-eslint/eslint-plugin@8.48.1 want: ^2.1.0
715 timing idealTree:node_modules/@typescript-eslint/eslint-plugin Completed in 12ms
716 silly placeDep ROOT @typescript-eslint/types@8.48.1 OK for: @typescript-eslint/parser@8.48.1 want: 8.48.1
717 timing idealTree:node_modules/@typescript-eslint/parser Completed in 1ms
718 timing idealTree:node_modules/@typescript-eslint/scope-manager Completed in 0ms
719 timing idealTree:node_modules/@typescript-eslint/type-utils Completed in 0ms
720 timing idealTree:node_modules/@typescript-eslint/types Completed in 0ms
721 silly placeDep ROOT @typescript-eslint/project-service@8.48.1 OK for: @typescript-eslint/typescript-estree@8.48.1 want: 8.48.1
722 silly placeDep ROOT @typescript-eslint/tsconfig-utils@8.48.1 OK for: @typescript-eslint/typescript-estree@8.48.1 want: 8.48.1
723 silly placeDep node_modules/@typescript-eslint/typescript-estree minimatch@9.0.5 OK for: @typescript-eslint/typescript-estree@8.48.1 want: ^9.0.4
724 silly placeDep node_modules/@typescript-eslint/typescript-estree semver@7.7.3 OK for: @typescript-eslint/typescript-estree@8.48.1 want: ^7.6.0
725 silly placeDep ROOT tinyglobby@0.2.15 OK for: @typescript-eslint/typescript-estree@8.48.1 want: ^0.2.15
726 silly fetch manifest brace-expansion@^2.0.1
727 timing idealTree:node_modules/@typescript-eslint/typescript-estree Completed in 3ms
728 timing idealTree:node_modules/@typescript-eslint/project-service Completed in 0ms
729 timing idealTree:node_modules/@typescript-eslint/tsconfig-utils Completed in 0ms
730 timing idealTree:node_modules/@typescript-eslint/utils Completed in 0ms
731 timing idealTree:node_modules/@typescript-eslint/visitor-keys Completed in 0ms
732 timing idealTree:node_modules/graphemer Completed in 0ms
733 silly placeDep ROOT fdir@6.5.0 OK for: tinyglobby@0.2.15 want: ^6.5.0
734 silly placeDep ROOT picomatch@4.0.3 OK for: tinyglobby@0.2.15 want: ^4.0.3
735 timing idealTree:node_modules/tinyglobby Completed in 1ms
736 timing idealTree:node_modules/fdir Completed in 0ms
737 timing idealTree:node_modules/picomatch Completed in 0ms
738 timing idealTree:node_modules/ts-api-utils Completed in 0ms
739 timing idealTree:node_modules/undici-types Completed in 0ms
740 silly placeDep ROOT escalade@3.2.0 OK for: update-browserslist-db@1.2.2 want: ^3.2.0
741 timing idealTree:node_modules/update-browserslist-db Completed in 0ms
742 timing idealTree:node_modules/escalade Completed in 0ms
743 silly placeDep ROOT punycode@2.3.1 OK for: uri-js@4.4.1 want: ^2.1.0
744 timing idealTree:node_modules/uri-js Completed in 1ms
745 timing idealTree:node_modules/punycode Completed in 0ms
746 silly placeDep ROOT esbuild@0.25.12 OK for: vite@7.2.6 want: ^0.25.0
747 silly placeDep ROOT fsevents@2.3.3 OK for: vite@7.2.6 want: ~2.3.3
748 silly placeDep ROOT postcss@8.5.6 OK for: vite@7.2.6 want: ^8.5.6
749 silly placeDep ROOT rollup@4.53.3 OK for: vite@7.2.6 want: ^4.43.0
750 silly fetch manifest @esbuild/aix-ppc64@0.25.12
751 silly fetch manifest @esbuild/linux-arm@0.25.12
752 silly fetch manifest @esbuild/linux-x64@0.25.12
753 silly fetch manifest @esbuild/sunos-x64@0.25.12
754 silly fetch manifest @esbuild/win32-x64@0.25.12
755 silly fetch manifest @esbuild/darwin-x64@0.25.12
756 silly fetch manifest @esbuild/linux-ia32@0.25.12
757 silly fetch manifest @esbuild/netbsd-x64@0.25.12
758 silly fetch manifest @esbuild/win32-ia32@0.25.12
759 silly fetch manifest @esbuild/android-arm@0.25.12
760 silly fetch manifest @esbuild/android-x64@0.25.12
761 silly fetch manifest @esbuild/freebsd-x64@0.25.12
762 silly fetch manifest @esbuild/linux-arm64@0.25.12
763 silly fetch manifest @esbuild/linux-ppc64@0.25.12
764 silly fetch manifest @esbuild/linux-s390x@0.25.12
765 silly fetch manifest @esbuild/openbsd-x64@0.25.12
766 silly fetch manifest @esbuild/win32-arm64@0.25.12
767 silly fetch manifest @esbuild/darwin-arm64@0.25.12
768 silly fetch manifest @esbuild/netbsd-arm64@0.25.12
769 silly fetch manifest @esbuild/android-arm64@0.25.12
770 silly fetch manifest @esbuild/freebsd-arm64@0.25.12
771 silly fetch manifest @esbuild/linux-loong64@0.25.12
772 silly fetch manifest @esbuild/linux-riscv64@0.25.12
773 silly fetch manifest @esbuild/openbsd-arm64@0.25.12
774 silly fetch manifest @esbuild/linux-mips64el@0.25.12
775 silly fetch manifest @esbuild/openharmony-arm64@0.25.12
776 silly fetch manifest nanoid@^3.3.11
777 silly fetch manifest source-map-js@^1.2.1
778 silly fetch manifest @rollup/rollup-darwin-arm64@4.53.3
779 silly fetch manifest @rollup/rollup-android-arm64@4.53.3
780 silly fetch manifest @rollup/rollup-win32-arm64-msvc@4.53.3
781 silly fetch manifest @rollup/rollup-freebsd-arm64@4.53.3
782 silly fetch manifest @rollup/rollup-linux-arm64-gnu@4.53.3
783 silly fetch manifest @rollup/rollup-linux-arm64-musl@4.53.3
784 silly fetch manifest @rollup/rollup-android-arm-eabi@4.53.3
785 silly fetch manifest @rollup/rollup-linux-arm-gnueabihf@4.53.3
786 silly fetch manifest @rollup/rollup-linux-arm-musleabihf@4.53.3
787 silly fetch manifest @rollup/rollup-win32-ia32-msvc@4.53.3
788 silly fetch manifest @rollup/rollup-linux-loong64-gnu@4.53.3
789 silly fetch manifest @rollup/rollup-linux-riscv64-gnu@4.53.3
790 silly fetch manifest @rollup/rollup-linux-riscv64-musl@4.53.3
791 silly fetch manifest @rollup/rollup-linux-ppc64-gnu@4.53.3
792 silly fetch manifest @rollup/rollup-linux-s390x-gnu@4.53.3
793 silly fetch manifest @rollup/rollup-darwin-x64@4.53.3
794 silly fetch manifest @rollup/rollup-win32-x64-gnu@4.53.3
795 silly fetch manifest @rollup/rollup-win32-x64-msvc@4.53.3
796 silly fetch manifest @rollup/rollup-freebsd-x64@4.53.3
797 silly fetch manifest @rollup/rollup-linux-x64-gnu@4.53.3
798 silly fetch manifest @rollup/rollup-linux-x64-musl@4.53.3
799 silly fetch manifest @rollup/rollup-openharmony-arm64@4.53.3
800 http fetch GET 200 https://registry.npmjs.org/@esbuild%2fdarwin-x64 75ms (cache miss)
801 http fetch GET 200 https://registry.npmjs.org/@esbuild%2fsunos-x64 80ms (cache miss)
802 http fetch GET 200 https://registry.npmjs.org/@esbuild%2ffreebsd-x64 78ms (cache miss)
803 http fetch GET 200 https://registry.npmjs.org/@esbuild%2flinux-s390x 79ms (cache miss)
804 http fetch GET 200 https://registry.npmjs.org/@esbuild%2faix-ppc64 92ms (cache miss)
805 http fetch GET 200 https://registry.npmjs.org/@esbuild%2fandroid-x64 89ms (cache miss)
806 http fetch GET 200 https://registry.npmjs.org/@esbuild%2flinux-ia32 91ms (cache miss)
807 http fetch GET 200 https://registry.npmjs.org/@esbuild%2fwin32-x64 91ms (cache miss)
808 http fetch GET 200 https://registry.npmjs.org/@esbuild%2flinux-x64 93ms (cache miss)
809 http fetch GET 200 https://registry.npmjs.org/@esbuild%2flinux-ppc64 92ms (cache miss)
810 http fetch GET 200 https://registry.npmjs.org/@esbuild%2fwin32-ia32 98ms (cache miss)
811 http fetch GET 200 https://registry.npmjs.org/@esbuild%2flinux-arm64 95ms (cache miss)
812 http fetch GET 200 https://registry.npmjs.org/@esbuild%2fnetbsd-x64 98ms (cache miss)
813 http fetch GET 200 https://registry.npmjs.org/@esbuild%2fandroid-arm 99ms (cache miss)
814 http fetch GET 200 https://registry.npmjs.org/@esbuild%2flinux-arm 102ms (cache miss)
815 http fetch GET 200 https://registry.npmjs.org/@esbuild%2fwin32-arm64 113ms (cache miss)
816 http fetch GET 200 https://registry.npmjs.org/@esbuild%2fopenbsd-x64 118ms (cache miss)
817 http fetch GET 200 https://registry.npmjs.org/@esbuild%2fdarwin-arm64 119ms (cache miss)
818 http fetch GET 200 https://registry.npmjs.org/nanoid 125ms (cache miss)
819 http fetch GET 200 https://registry.npmjs.org/source-map-js 129ms (cache miss)
820 http fetch GET 200 https://registry.npmjs.org/@esbuild%2fandroid-arm64 133ms (cache miss)
821 http fetch GET 200 https://registry.npmjs.org/@esbuild%2flinux-loong64 136ms (cache miss)
822 http fetch GET 200 https://registry.npmjs.org/@esbuild%2fopenharmony-arm64 135ms (cache miss)
823 http fetch GET 200 https://registry.npmjs.org/@esbuild%2ffreebsd-arm64 138ms (cache miss)
824 http fetch GET 200 https://registry.npmjs.org/@esbuild%2fnetbsd-arm64 139ms (cache miss)
825 http fetch GET 200 https://registry.npmjs.org/@esbuild%2flinux-riscv64 137ms (cache miss)
826 http fetch GET 200 https://registry.npmjs.org/@esbuild%2flinux-mips64el 138ms (cache miss)
827 http fetch GET 200 https://registry.npmjs.org/@esbuild%2fopenbsd-arm64 153ms (cache miss)
828 http fetch GET 200 https://registry.npmjs.org/@rollup%2frollup-darwin-arm64 152ms (cache miss)
829 http fetch GET 200 https://registry.npmjs.org/@rollup%2frollup-android-arm64 152ms (cache miss)
830 http fetch GET 200 https://registry.npmjs.org/@rollup%2frollup-freebsd-arm64 158ms (cache miss)
831 http fetch GET 200 https://registry.npmjs.org/@rollup%2frollup-linux-arm64-gnu 168ms (cache miss)
832 http fetch GET 200 https://registry.npmjs.org/@rollup%2frollup-win32-arm64-msvc 170ms (cache miss)
833 http fetch GET 200 https://registry.npmjs.org/@rollup%2frollup-linux-riscv64-musl 171ms (cache miss)
834 http fetch GET 200 https://registry.npmjs.org/@rollup%2frollup-android-arm-eabi 175ms (cache miss)
835 http fetch GET 200 https://registry.npmjs.org/@rollup%2frollup-linux-arm64-musl 180ms (cache miss)
836 http fetch GET 200 https://registry.npmjs.org/@rollup%2frollup-linux-arm-musleabihf 188ms (cache miss)
837 http fetch GET 200 https://registry.npmjs.org/@rollup%2frollup-win32-ia32-msvc 188ms (cache miss)
838 http fetch GET 200 https://registry.npmjs.org/@rollup%2frollup-linux-loong64-gnu 190ms (cache miss)
839 http fetch GET 200 https://registry.npmjs.org/@rollup%2frollup-linux-arm-gnueabihf 191ms (cache miss)
840 http fetch GET 200 https://registry.npmjs.org/@rollup%2frollup-linux-riscv64-gnu 200ms (cache miss)
841 http fetch GET 200 https://registry.npmjs.org/@rollup%2frollup-linux-ppc64-gnu 200ms (cache miss)
842 http fetch GET 200 https://registry.npmjs.org/@rollup%2frollup-linux-s390x-gnu 201ms (cache miss)
843 http fetch GET 200 https://registry.npmjs.org/@rollup%2frollup-darwin-x64 203ms (cache miss)
844 http fetch GET 200 https://registry.npmjs.org/@rollup%2frollup-linux-x64-musl 210ms (cache miss)
845 http fetch GET 200 https://registry.npmjs.org/@rollup%2frollup-linux-x64-gnu 216ms (cache miss)
846 http fetch GET 200 https://registry.npmjs.org/@rollup%2frollup-openharmony-arm64 215ms (cache miss)
847 http fetch GET 200 https://registry.npmjs.org/@rollup%2frollup-win32-x64-msvc 218ms (cache miss)
848 http fetch GET 200 https://registry.npmjs.org/@rollup%2frollup-freebsd-x64 217ms (cache miss)
849 http fetch GET 200 https://registry.npmjs.org/@rollup%2frollup-win32-x64-gnu 244ms (cache miss)
850 timing idealTree:node_modules/vite Completed in 264ms
851 silly placeDep ROOT @esbuild/aix-ppc64@0.25.12 OK for: esbuild@0.25.12 want: 0.25.12
852 silly placeDep ROOT @esbuild/android-arm@0.25.12 OK for: esbuild@0.25.12 want: 0.25.12
853 silly placeDep ROOT @esbuild/android-arm64@0.25.12 OK for: esbuild@0.25.12 want: 0.25.12
854 silly placeDep ROOT @esbuild/android-x64@0.25.12 OK for: esbuild@0.25.12 want: 0.25.12
855 silly placeDep ROOT @esbuild/darwin-arm64@0.25.12 OK for: esbuild@0.25.12 want: 0.25.12
856 silly placeDep ROOT @esbuild/darwin-x64@0.25.12 OK for: esbuild@0.25.12 want: 0.25.12
857 silly placeDep ROOT @esbuild/freebsd-arm64@0.25.12 OK for: esbuild@0.25.12 want: 0.25.12
858 silly placeDep ROOT @esbuild/freebsd-x64@0.25.12 OK for: esbuild@0.25.12 want: 0.25.12
859 silly placeDep ROOT @esbuild/linux-arm@0.25.12 OK for: esbuild@0.25.12 want: 0.25.12
860 silly placeDep ROOT @esbuild/linux-arm64@0.25.12 OK for: esbuild@0.25.12 want: 0.25.12
861 silly placeDep ROOT @esbuild/linux-ia32@0.25.12 OK for: esbuild@0.25.12 want: 0.25.12
862 silly placeDep ROOT @esbuild/linux-loong64@0.25.12 OK for: esbuild@0.25.12 want: 0.25.12
863 silly placeDep ROOT @esbuild/linux-mips64el@0.25.12 OK for: esbuild@0.25.12 want: 0.25.12
864 silly placeDep ROOT @esbuild/linux-ppc64@0.25.12 OK for: esbuild@0.25.12 want: 0.25.12
865 silly placeDep ROOT @esbuild/linux-riscv64@0.25.12 OK for: esbuild@0.25.12 want: 0.25.12
866 silly placeDep ROOT @esbuild/linux-s390x@0.25.12 OK for: esbuild@0.25.12 want: 0.25.12
867 silly placeDep ROOT @esbuild/linux-x64@0.25.12 OK for: esbuild@0.25.12 want: 0.25.12
868 silly placeDep ROOT @esbuild/netbsd-arm64@0.25.12 OK for: esbuild@0.25.12 want: 0.25.12
869 silly placeDep ROOT @esbuild/netbsd-x64@0.25.12 OK for: esbuild@0.25.12 want: 0.25.12
870 silly placeDep ROOT @esbuild/openbsd-arm64@0.25.12 OK for: esbuild@0.25.12 want: 0.25.12
871 silly placeDep ROOT @esbuild/openbsd-x64@0.25.12 OK for: esbuild@0.25.12 want: 0.25.12
872 silly placeDep ROOT @esbuild/openharmony-arm64@0.25.12 OK for: esbuild@0.25.12 want: 0.25.12
873 silly placeDep ROOT @esbuild/sunos-x64@0.25.12 OK for: esbuild@0.25.12 want: 0.25.12
874 silly placeDep ROOT @esbuild/win32-arm64@0.25.12 OK for: esbuild@0.25.12 want: 0.25.12
875 silly placeDep ROOT @esbuild/win32-ia32@0.25.12 OK for: esbuild@0.25.12 want: 0.25.12
876 silly placeDep ROOT @esbuild/win32-x64@0.25.12 OK for: esbuild@0.25.12 want: 0.25.12
877 timing idealTree:node_modules/esbuild Completed in 8ms
878 timing idealTree:node_modules/@esbuild/aix-ppc64 Completed in 0ms
879 timing idealTree:node_modules/@esbuild/android-arm Completed in 0ms
880 timing idealTree:node_modules/@esbuild/android-arm64 Completed in 0ms
881 timing idealTree:node_modules/@esbuild/android-x64 Completed in 0ms
882 timing idealTree:node_modules/@esbuild/darwin-arm64 Completed in 0ms
883 timing idealTree:node_modules/@esbuild/darwin-x64 Completed in 0ms
884 timing idealTree:node_modules/@esbuild/freebsd-arm64 Completed in 0ms
885 timing idealTree:node_modules/@esbuild/freebsd-x64 Completed in 0ms
886 timing idealTree:node_modules/@esbuild/linux-arm Completed in 0ms
887 timing idealTree:node_modules/@esbuild/linux-arm64 Completed in 0ms
888 timing idealTree:node_modules/@esbuild/linux-ia32 Completed in 0ms
889 timing idealTree:node_modules/@esbuild/linux-loong64 Completed in 0ms
890 timing idealTree:node_modules/@esbuild/linux-mips64el Completed in 0ms
891 timing idealTree:node_modules/@esbuild/linux-ppc64 Completed in 0ms
892 timing idealTree:node_modules/@esbuild/linux-riscv64 Completed in 0ms
893 timing idealTree:node_modules/@esbuild/linux-s390x Completed in 0ms
894 timing idealTree:node_modules/@esbuild/linux-x64 Completed in 0ms
895 timing idealTree:node_modules/@esbuild/netbsd-arm64 Completed in 0ms
896 timing idealTree:node_modules/@esbuild/netbsd-x64 Completed in 0ms
897 timing idealTree:node_modules/@esbuild/openbsd-arm64 Completed in 0ms
898 timing idealTree:node_modules/@esbuild/openbsd-x64 Completed in 0ms
899 timing idealTree:node_modules/@esbuild/openharmony-arm64 Completed in 0ms
900 timing idealTree:node_modules/@esbuild/sunos-x64 Completed in 0ms
901 timing idealTree:node_modules/@esbuild/win32-arm64 Completed in 0ms
902 timing idealTree:node_modules/@esbuild/win32-ia32 Completed in 0ms
903 timing idealTree:node_modules/@esbuild/win32-x64 Completed in 0ms
904 timing idealTree:node_modules/fsevents Completed in 0ms
905 silly placeDep ROOT nanoid@3.3.11 OK for: postcss@8.5.6 want: ^3.3.11
906 silly placeDep ROOT source-map-js@1.2.1 OK for: postcss@8.5.6 want: ^1.2.1
907 timing idealTree:node_modules/postcss Completed in 1ms
908 timing idealTree:node_modules/nanoid Completed in 0ms
909 silly placeDep ROOT @rollup/rollup-android-arm-eabi@4.53.3 OK for: rollup@4.53.3 want: 4.53.3
910 silly placeDep ROOT @rollup/rollup-android-arm64@4.53.3 OK for: rollup@4.53.3 want: 4.53.3
911 silly placeDep ROOT @rollup/rollup-darwin-arm64@4.53.3 OK for: rollup@4.53.3 want: 4.53.3
912 silly placeDep ROOT @rollup/rollup-darwin-x64@4.53.3 OK for: rollup@4.53.3 want: 4.53.3
913 silly placeDep ROOT @rollup/rollup-freebsd-arm64@4.53.3 OK for: rollup@4.53.3 want: 4.53.3
914 silly placeDep ROOT @rollup/rollup-freebsd-x64@4.53.3 OK for: rollup@4.53.3 want: 4.53.3
915 silly placeDep ROOT @rollup/rollup-linux-arm-gnueabihf@4.53.3 OK for: rollup@4.53.3 want: 4.53.3
916 silly placeDep ROOT @rollup/rollup-linux-arm-musleabihf@4.53.3 OK for: rollup@4.53.3 want: 4.53.3
917 silly placeDep ROOT @rollup/rollup-linux-arm64-gnu@4.53.3 OK for: rollup@4.53.3 want: 4.53.3
918 silly placeDep ROOT @rollup/rollup-linux-arm64-musl@4.53.3 OK for: rollup@4.53.3 want: 4.53.3
919 silly placeDep ROOT @rollup/rollup-linux-loong64-gnu@4.53.3 OK for: rollup@4.53.3 want: 4.53.3
920 silly placeDep ROOT @rollup/rollup-linux-ppc64-gnu@4.53.3 OK for: rollup@4.53.3 want: 4.53.3
921 silly placeDep ROOT @rollup/rollup-linux-riscv64-gnu@4.53.3 OK for: rollup@4.53.3 want: 4.53.3
922 silly placeDep ROOT @rollup/rollup-linux-riscv64-musl@4.53.3 OK for: rollup@4.53.3 want: 4.53.3
923 silly placeDep ROOT @rollup/rollup-linux-s390x-gnu@4.53.3 OK for: rollup@4.53.3 want: 4.53.3
924 silly placeDep ROOT @rollup/rollup-linux-x64-gnu@4.53.3 OK for: rollup@4.53.3 want: 4.53.3
925 silly placeDep ROOT @rollup/rollup-linux-x64-musl@4.53.3 OK for: rollup@4.53.3 want: 4.53.3
926 silly placeDep ROOT @rollup/rollup-openharmony-arm64@4.53.3 OK for: rollup@4.53.3 want: 4.53.3
927 silly placeDep ROOT @rollup/rollup-win32-arm64-msvc@4.53.3 OK for: rollup@4.53.3 want: 4.53.3
928 silly placeDep ROOT @rollup/rollup-win32-ia32-msvc@4.53.3 OK for: rollup@4.53.3 want: 4.53.3
929 silly placeDep ROOT @rollup/rollup-win32-x64-gnu@4.53.3 OK for: rollup@4.53.3 want: 4.53.3
930 silly placeDep ROOT @rollup/rollup-win32-x64-msvc@4.53.3 OK for: rollup@4.53.3 want: 4.53.3
931 timing idealTree:node_modules/rollup Completed in 7ms
932 timing idealTree:node_modules/@rollup/rollup-android-arm-eabi Completed in 0ms
933 timing idealTree:node_modules/@rollup/rollup-android-arm64 Completed in 0ms
934 timing idealTree:node_modules/@rollup/rollup-darwin-arm64 Completed in 0ms
935 timing idealTree:node_modules/@rollup/rollup-darwin-x64 Completed in 0ms
936 timing idealTree:node_modules/@rollup/rollup-freebsd-arm64 Completed in 0ms
937 timing idealTree:node_modules/@rollup/rollup-freebsd-x64 Completed in 0ms
938 timing idealTree:node_modules/@rollup/rollup-linux-arm-gnueabihf Completed in 0ms
939 timing idealTree:node_modules/@rollup/rollup-linux-arm-musleabihf Completed in 0ms
940 timing idealTree:node_modules/@rollup/rollup-linux-arm64-gnu Completed in 0ms
941 timing idealTree:node_modules/@rollup/rollup-linux-arm64-musl Completed in 0ms
942 timing idealTree:node_modules/@rollup/rollup-linux-loong64-gnu Completed in 0ms
943 timing idealTree:node_modules/@rollup/rollup-linux-ppc64-gnu Completed in 0ms
944 timing idealTree:node_modules/@rollup/rollup-linux-riscv64-gnu Completed in 0ms
945 timing idealTree:node_modules/@rollup/rollup-linux-riscv64-musl Completed in 0ms
946 timing idealTree:node_modules/@rollup/rollup-linux-s390x-gnu Completed in 0ms
947 timing idealTree:node_modules/@rollup/rollup-linux-x64-gnu Completed in 0ms
948 timing idealTree:node_modules/@rollup/rollup-linux-x64-musl Completed in 0ms
949 timing idealTree:node_modules/@rollup/rollup-openharmony-arm64 Completed in 0ms
950 timing idealTree:node_modules/@rollup/rollup-win32-arm64-msvc Completed in 0ms
951 timing idealTree:node_modules/@rollup/rollup-win32-ia32-msvc Completed in 0ms
952 timing idealTree:node_modules/@rollup/rollup-win32-x64-gnu Completed in 0ms
953 timing idealTree:node_modules/@rollup/rollup-win32-x64-msvc Completed in 0ms
954 timing idealTree:node_modules/source-map-js Completed in 0ms
955 silly placeDep ROOT isexe@2.0.0 OK for: which@2.0.2 want: ^2.0.0
956 timing idealTree:node_modules/which Completed in 0ms
957 timing idealTree:node_modules/isexe Completed in 0ms
958 timing idealTree:node_modules/word-wrap Completed in 0ms
959 timing idealTree:node_modules/yallist Completed in 0ms
960 timing idealTree:node_modules/yocto-queue Completed in 0ms
961 timing idealTree:node_modules/zod Completed in 0ms
962 timing idealTree:node_modules/zod-validation-error Completed in 0ms
963 timing idealTree:node_modules/@eslint-community/eslint-utils/node_modules/eslint-visitor-keys Completed in 0ms
964 timing idealTree:node_modules/@eslint/eslintrc/node_modules/globals Completed in 0ms
965 timing idealTree:node_modules/@typescript-eslint/eslint-plugin/node_modules/ignore Completed in 0ms
966 silly placeDep node_modules/@typescript-eslint/typescript-estree brace-expansion@2.0.2 OK for: minimatch@9.0.5 want: ^2.0.1
967 timing idealTree:node_modules/@typescript-eslint/typescript-estree/node_modules/minimatch Completed in 1ms
968 timing idealTree:node_modules/@typescript-eslint/typescript-estree/node_modules/brace-expansion Completed in 0ms
969 timing idealTree:node_modules/@typescript-eslint/typescript-estree/node_modules/semver Completed in 0ms
970 timing idealTree:buildDeps Completed in 4554ms
971 timing idealTree:fixDepFlags Completed in 2ms
972 warn EBADENGINE Unsupported engine {
972 warn EBADENGINE   package: '@eslint/js@9.39.1',
972 warn EBADENGINE   required: { node: '^18.18.0 || ^20.9.0 || >=21.1.0' },
972 warn EBADENGINE   current: { node: 'v18.15.0', npm: '9.5.0' }
972 warn EBADENGINE }
973 warn EBADENGINE Unsupported engine {
973 warn EBADENGINE   package: '@vitejs/plugin-react@5.1.1',
973 warn EBADENGINE   required: { node: '^20.19.0 || >=22.12.0' },
973 warn EBADENGINE   current: { node: 'v18.15.0', npm: '9.5.0' }
973 warn EBADENGINE }
974 warn EBADENGINE Unsupported engine {
974 warn EBADENGINE   package: 'vite@7.2.6',
974 warn EBADENGINE   required: { node: '^20.19.0 || >=22.12.0' },
974 warn EBADENGINE   current: { node: 'v18.15.0', npm: '9.5.0' }
974 warn EBADENGINE }
975 warn EBADENGINE Unsupported engine {
975 warn EBADENGINE   package: 'eslint@9.39.1',
975 warn EBADENGINE   required: { node: '^18.18.0 || ^20.9.0 || >=21.1.0' },
975 warn EBADENGINE   current: { node: 'v18.15.0', npm: '9.5.0' }
975 warn EBADENGINE }
976 warn EBADENGINE Unsupported engine {
976 warn EBADENGINE   package: 'typescript-eslint@8.48.1',
976 warn EBADENGINE   required: { node: '^18.18.0 || ^20.9.0 || >=21.1.0' },
976 warn EBADENGINE   current: { node: 'v18.15.0', npm: '9.5.0' }
976 warn EBADENGINE }
977 warn EBADENGINE Unsupported engine {
977 warn EBADENGINE   package: '@eslint/config-array@0.21.1',
977 warn EBADENGINE   required: { node: '^18.18.0 || ^20.9.0 || >=21.1.0' },
977 warn EBADENGINE   current: { node: 'v18.15.0', npm: '9.5.0' }
977 warn EBADENGINE }
978 warn EBADENGINE Unsupported engine {
978 warn EBADENGINE   package: '@eslint/config-helpers@0.4.2',
978 warn EBADENGINE   required: { node: '^18.18.0 || ^20.9.0 || >=21.1.0' },
978 warn EBADENGINE   current: { node: 'v18.15.0', npm: '9.5.0' }
978 warn EBADENGINE }
979 warn EBADENGINE Unsupported engine {
979 warn EBADENGINE   package: '@eslint/core@0.17.0',
979 warn EBADENGINE   required: { node: '^18.18.0 || ^20.9.0 || >=21.1.0' },
979 warn EBADENGINE   current: { node: 'v18.15.0', npm: '9.5.0' }
979 warn EBADENGINE }
980 warn EBADENGINE Unsupported engine {
980 warn EBADENGINE   package: '@eslint/eslintrc@3.3.3',
980 warn EBADENGINE   required: { node: '^18.18.0 || ^20.9.0 || >=21.1.0' },
980 warn EBADENGINE   current: { node: 'v18.15.0', npm: '9.5.0' }
980 warn EBADENGINE }
981 warn EBADENGINE Unsupported engine {
981 warn EBADENGINE   package: '@eslint/plugin-kit@0.4.1',
981 warn EBADENGINE   required: { node: '^18.18.0 || ^20.9.0 || >=21.1.0' },
981 warn EBADENGINE   current: { node: 'v18.15.0', npm: '9.5.0' }
981 warn EBADENGINE }
982 warn EBADENGINE Unsupported engine {
982 warn EBADENGINE   package: '@humanfs/node@0.16.7',
982 warn EBADENGINE   required: { node: '>=18.18.0' },
982 warn EBADENGINE   current: { node: 'v18.15.0', npm: '9.5.0' }
982 warn EBADENGINE }
983 warn EBADENGINE Unsupported engine {
983 warn EBADENGINE   package: '@humanwhocodes/retry@0.4.3',
983 warn EBADENGINE   required: { node: '>=18.18' },
983 warn EBADENGINE   current: { node: 'v18.15.0', npm: '9.5.0' }
983 warn EBADENGINE }
984 warn EBADENGINE Unsupported engine {
984 warn EBADENGINE   package: 'eslint-scope@8.4.0',
984 warn EBADENGINE   required: { node: '^18.18.0 || ^20.9.0 || >=21.1.0' },
984 warn EBADENGINE   current: { node: 'v18.15.0', npm: '9.5.0' }
984 warn EBADENGINE }
985 warn EBADENGINE Unsupported engine {
985 warn EBADENGINE   package: 'eslint-visitor-keys@4.2.1',
985 warn EBADENGINE   required: { node: '^18.18.0 || ^20.9.0 || >=21.1.0' },
985 warn EBADENGINE   current: { node: 'v18.15.0', npm: '9.5.0' }
985 warn EBADENGINE }
986 warn EBADENGINE Unsupported engine {
986 warn EBADENGINE   package: 'espree@10.4.0',
986 warn EBADENGINE   required: { node: '^18.18.0 || ^20.9.0 || >=21.1.0' },
986 warn EBADENGINE   current: { node: 'v18.15.0', npm: '9.5.0' }
986 warn EBADENGINE }
987 warn EBADENGINE Unsupported engine {
987 warn EBADENGINE   package: '@eslint/object-schema@2.1.7',
987 warn EBADENGINE   required: { node: '^18.18.0 || ^20.9.0 || >=21.1.0' },
987 warn EBADENGINE   current: { node: 'v18.15.0', npm: '9.5.0' }
987 warn EBADENGINE }
988 warn EBADENGINE Unsupported engine {
988 warn EBADENGINE   package: '@humanfs/core@0.19.1',
988 warn EBADENGINE   required: { node: '>=18.18.0' },
988 warn EBADENGINE   current: { node: 'v18.15.0', npm: '9.5.0' }
988 warn EBADENGINE }
989 warn EBADENGINE Unsupported engine {
989 warn EBADENGINE   package: '@typescript-eslint/eslint-plugin@8.48.1',
989 warn EBADENGINE   required: { node: '^18.18.0 || ^20.9.0 || >=21.1.0' },
989 warn EBADENGINE   current: { node: 'v18.15.0', npm: '9.5.0' }
989 warn EBADENGINE }
990 warn EBADENGINE Unsupported engine {
990 warn EBADENGINE   package: '@typescript-eslint/parser@8.48.1',
990 warn EBADENGINE   required: { node: '^18.18.0 || ^20.9.0 || >=21.1.0' },
990 warn EBADENGINE   current: { node: 'v18.15.0', npm: '9.5.0' }
990 warn EBADENGINE }
991 warn EBADENGINE Unsupported engine {
991 warn EBADENGINE   package: '@typescript-eslint/typescript-estree@8.48.1',
991 warn EBADENGINE   required: { node: '^18.18.0 || ^20.9.0 || >=21.1.0' },
991 warn EBADENGINE   current: { node: 'v18.15.0', npm: '9.5.0' }
991 warn EBADENGINE }
992 warn EBADENGINE Unsupported engine {
992 warn EBADENGINE   package: '@typescript-eslint/utils@8.48.1',
992 warn EBADENGINE   required: { node: '^18.18.0 || ^20.9.0 || >=21.1.0' },
992 warn EBADENGINE   current: { node: 'v18.15.0', npm: '9.5.0' }
992 warn EBADENGINE }
993 warn EBADENGINE Unsupported engine {
993 warn EBADENGINE   package: '@typescript-eslint/scope-manager@8.48.1',
993 warn EBADENGINE   required: { node: '^18.18.0 || ^20.9.0 || >=21.1.0' },
993 warn EBADENGINE   current: { node: 'v18.15.0', npm: '9.5.0' }
993 warn EBADENGINE }
994 warn EBADENGINE Unsupported engine {
994 warn EBADENGINE   package: '@typescript-eslint/type-utils@8.48.1',
994 warn EBADENGINE   required: { node: '^18.18.0 || ^20.9.0 || >=21.1.0' },
994 warn EBADENGINE   current: { node: 'v18.15.0', npm: '9.5.0' }
994 warn EBADENGINE }
995 warn EBADENGINE Unsupported engine {
995 warn EBADENGINE   package: '@typescript-eslint/visitor-keys@8.48.1',
995 warn EBADENGINE   required: { node: '^18.18.0 || ^20.9.0 || >=21.1.0' },
995 warn EBADENGINE   current: { node: 'v18.15.0', npm: '9.5.0' }
995 warn EBADENGINE }
996 warn EBADENGINE Unsupported engine {
996 warn EBADENGINE   package: '@typescript-eslint/types@8.48.1',
996 warn EBADENGINE   required: { node: '^18.18.0 || ^20.9.0 || >=21.1.0' },
996 warn EBADENGINE   current: { node: 'v18.15.0', npm: '9.5.0' }
996 warn EBADENGINE }
997 warn EBADENGINE Unsupported engine {
997 warn EBADENGINE   package: '@typescript-eslint/project-service@8.48.1',
997 warn EBADENGINE   required: { node: '^18.18.0 || ^20.9.0 || >=21.1.0' },
997 warn EBADENGINE   current: { node: 'v18.15.0', npm: '9.5.0' }
997 warn EBADENGINE }
998 warn EBADENGINE Unsupported engine {
998 warn EBADENGINE   package: '@typescript-eslint/tsconfig-utils@8.48.1',
998 warn EBADENGINE   required: { node: '^18.18.0 || ^20.9.0 || >=21.1.0' },
998 warn EBADENGINE   current: { node: 'v18.15.0', npm: '9.5.0' }
998 warn EBADENGINE }
999 timing idealTree Completed in 4570ms
1000 timing reify:loadTrees Completed in 4571ms
1001 timing reify:diffTrees Completed in 2ms
1002 silly reify moves {}
1003 timing reify:retireShallow Completed in 0ms
1004 timing reify:createSparse Completed in 14ms
1005 timing reify:loadBundles Completed in 0ms
1006 silly audit bulk request {
1006 silly audit   '@eslint/js': [ '9.39.1' ],
1006 silly audit   '@types/node': [ '24.10.1' ],
1006 silly audit   '@types/react': [ '19.2.7' ],
1006 silly audit   '@types/react-dom': [ '19.2.3' ],
1006 silly audit   '@vitejs/plugin-react': [ '5.1.1' ],
1006 silly audit   vite: [ '7.2.6' ],
1006 silly audit   eslint: [ '9.39.1' ],
1006 silly audit   'eslint-plugin-react-hooks': [ '7.0.1' ],
1006 silly audit   'eslint-plugin-react-refresh': [ '0.4.24' ],
1006 silly audit   globals: [ '16.5.0', '14.0.0' ],
1006 silly audit   react: [ '19.2.1' ],
1006 silly audit   'react-dom': [ '19.2.1' ],
1006 silly audit   typescript: [ '5.9.3' ],
1006 silly audit   'typescript-eslint': [ '8.48.1' ],
1006 silly audit   'undici-types': [ '7.16.0' ],
1006 silly audit   csstype: [ '3.2.3' ],
1006 silly audit   '@babel/core': [ '7.28.5' ],
1006 silly audit   '@babel/plugin-transform-react-jsx-self': [ '7.27.1' ],
1006 silly audit   '@babel/plugin-transform-react-jsx-source': [ '7.27.1' ],
1006 silly audit   '@rolldown/pluginutils': [ '1.0.0-beta.47' ],
1006 silly audit   '@types/babel__core': [ '7.20.5' ],
1006 silly audit   'react-refresh': [ '0.18.0' ],
1006 silly audit   '@babel/code-frame': [ '7.27.1' ],
1006 silly audit   '@babel/generator': [ '7.28.5' ],
1006 silly audit   '@babel/helper-compilation-targets': [ '7.27.2' ],
1006 silly audit   '@babel/helper-module-transforms': [ '7.28.3' ],
1006 silly audit   '@babel/helpers': [ '7.28.4' ],
1006 silly audit   '@babel/parser': [ '7.28.5' ],
1006 silly audit   '@babel/template': [ '7.27.2' ],
1006 silly audit   '@babel/traverse': [ '7.28.5' ],
1006 silly audit   '@babel/types': [ '7.28.5' ],
1006 silly audit   '@jridgewell/remapping': [ '2.3.5' ],
1006 silly audit   'convert-source-map': [ '2.0.0' ],
1006 silly audit   debug: [ '4.4.3' ],
1006 silly audit   gensync: [ '1.0.0-beta.2' ],
1006 silly audit   json5: [ '2.2.3' ],
1006 silly audit   semver: [ '6.3.1', '7.7.3' ],
1006 silly audit   '@babel/helper-validator-identifier': [ '7.28.5' ],
1006 silly audit   'js-tokens': [ '4.0.0' ],
1006 silly audit   picocolors: [ '1.1.1' ],
1006 silly audit   '@jridgewell/gen-mapping': [ '0.3.13' ],
1006 silly audit   '@jridgewell/trace-mapping': [ '0.3.31' ],
1006 silly audit   jsesc: [ '3.1.0' ],
1006 silly audit   '@babel/compat-data': [ '7.28.5' ],
1006 silly audit   '@babel/helper-validator-option': [ '7.27.1' ],
1006 silly audit   browserslist: [ '4.28.1' ],
1006 silly audit   'lru-cache': [ '5.1.1' ],
1006 silly audit   '@babel/helper-module-imports': [ '7.27.1' ],
1006 silly audit   '@babel/helper-plugin-utils': [ '7.27.1' ],
1006 silly audit   '@babel/helper-globals': [ '7.28.0' ],
1006 silly audit   '@babel/helper-string-parser': [ '7.27.1' ],
1006 silly audit   '@jridgewell/sourcemap-codec': [ '1.5.5' ],
1006 silly audit   '@jridgewell/resolve-uri': [ '3.1.2' ],
1006 silly audit   '@types/babel__generator': [ '7.27.0' ],
1006 silly audit   '@types/babel__template': [ '7.4.4' ],
1006 silly audit   '@types/babel__traverse': [ '7.28.0' ],
1006 silly audit   'baseline-browser-mapping': [ '2.9.3' ],
1006 silly audit   'caniuse-lite': [ '1.0.30001759' ],
1006 silly audit   'electron-to-chromium': [ '1.5.266' ],
1006 silly audit   'node-releases': [ '2.0.27' ],
1006 silly audit   'update-browserslist-db': [ '1.2.2' ],
1006 silly audit   ms: [ '2.1.3' ],
1006 silly audit   '@eslint-community/eslint-utils': [ '4.9.0' ],
1006 silly audit   '@eslint-community/regexpp': [ '4.12.2' ],
1006 silly audit   '@eslint/config-array': [ '0.21.1' ],
1006 silly audit   '@eslint/config-helpers': [ '0.4.2' ],
1006 silly audit   '@eslint/core': [ '0.17.0' ],
1006 silly audit   '@eslint/eslintrc': [ '3.3.3' ],
1006 silly audit   '@eslint/plugin-kit': [ '0.4.1' ],
1006 silly audit   '@humanfs/node': [ '0.16.7' ],
1006 silly audit   '@humanwhocodes/module-importer': [ '1.0.1' ],
1006 silly audit   '@humanwhocodes/retry': [ '0.4.3' ],
1006 silly audit   '@types/estree': [ '1.0.8' ],
1006 silly audit   ajv: [ '6.12.6' ],
1006 silly audit   chalk: [ '4.1.2' ],
1006 silly audit   'cross-spawn': [ '7.0.6' ],
1006 silly audit   'escape-string-regexp': [ '4.0.0' ],
1006 silly audit   'eslint-scope': [ '8.4.0' ],
1006 silly audit   'eslint-visitor-keys': [ '4.2.1', '3.4.3' ],
1006 silly audit   espree: [ '10.4.0' ],
1006 silly audit   esquery: [ '1.6.0' ],
1006 silly audit   esutils: [ '2.0.3' ],
1006 silly audit   'fast-deep-equal': [ '3.1.3' ],
1006 silly audit   'file-entry-cache': [ '8.0.0' ],
1006 silly audit   'find-up': [ '5.0.0' ],
1006 silly audit   'glob-parent': [ '6.0.2' ],
1006 silly audit   ignore: [ '5.3.2', '7.0.5' ],
1006 silly audit   imurmurhash: [ '0.1.4' ],
1006 silly audit   'is-glob': [ '4.0.3' ],
1006 silly audit   'json-stable-stringify-without-jsonify': [ '1.0.1' ],
1006 silly audit   'lodash.merge': [ '4.6.2' ],
1006 silly audit   minimatch: [ '3.1.2', '9.0.5' ],
1006 silly audit   'natural-compare': [ '1.4.0' ],
1006 silly audit   optionator: [ '0.9.4' ],
1006 silly audit   '@eslint/object-schema': [ '2.1.7' ],
1006 silly audit   '@types/json-schema': [ '7.0.15' ],
1006 silly audit   'import-fresh': [ '3.3.1' ],
1006 silly audit   'js-yaml': [ '4.1.1' ],
1006 silly audit   'strip-json-comments': [ '3.1.1' ],
1006 silly audit   levn: [ '0.4.1' ],
1006 silly audit   '@humanfs/core': [ '0.19.1' ],
1006 silly audit   'fast-json-stable-stringify': [ '2.1.0' ],
1006 silly audit   'json-schema-traverse': [ '0.4.1' ],
1006 silly audit   'uri-js': [ '4.4.1' ],
1006 silly audit   'ansi-styles': [ '4.3.0' ],
1006 silly audit   'supports-color': [ '7.2.0' ],
1006 silly audit   'color-convert': [ '2.0.1' ],
1006 silly audit   'color-name': [ '1.1.4' ],
1006 silly audit   'path-key': [ '3.1.1' ],
1006 silly audit   'shebang-command': [ '2.0.0' ],
1006 silly audit   which: [ '2.0.2' ],
1006 silly audit   'hermes-parser': [ '0.25.1' ],
1006 silly audit   zod: [ '4.1.13' ],
1006 silly audit   'zod-validation-error': [ '4.0.2' ],
1006 silly audit   esrecurse: [ '4.3.0' ],
1006 silly audit   estraverse: [ '5.3.0' ],
1006 silly audit   acorn: [ '8.15.0' ],
1006 silly audit   'acorn-jsx': [ '5.3.2' ],
1006 silly audit   'flat-cache': [ '4.0.1' ],
1006 silly audit   'locate-path': [ '6.0.0' ],
1006 silly audit   'path-exists': [ '4.0.0' ],
1006 silly audit   flatted: [ '3.3.3' ],
1006 silly audit   keyv: [ '4.5.4' ],
1006 silly audit   'hermes-estree': [ '0.25.1' ],
1006 silly audit   'parent-module': [ '1.0.1' ],
1006 silly audit   'resolve-from': [ '4.0.0' ],
1006 silly audit   'is-extglob': [ '2.1.1' ],
1006 silly audit   argparse: [ '2.0.1' ],
1006 silly audit   'json-buffer': [ '3.0.1' ],
1006 silly audit   'prelude-ls': [ '1.2.1' ],
1006 silly audit   'type-check': [ '0.4.0' ],
1006 silly audit   'p-locate': [ '5.0.0' ],
1006 silly audit   yallist: [ '3.1.1' ],
1006 silly audit   'brace-expansion': [ '1.1.12', '2.0.2' ],
1006 silly audit   'balanced-match': [ '1.0.2' ],
1006 silly audit   'concat-map': [ '0.0.1' ],
1006 silly audit   'deep-is': [ '0.1.4' ],
1006 silly audit   'fast-levenshtein': [ '2.0.6' ],
1006 silly audit   'word-wrap': [ '1.2.5' ],
1006 silly audit   'p-limit': [ '3.1.0' ],
1006 silly audit   'yocto-queue': [ '0.1.0' ],
1006 silly audit   callsites: [ '3.1.0' ],
1006 silly audit   scheduler: [ '0.27.0' ],
1006 silly audit   'shebang-regex': [ '3.0.0' ],
1006 silly audit   'has-flag': [ '4.0.0' ],
1006 silly audit   '@typescript-eslint/eslint-plugin': [ '8.48.1' ],
1006 silly audit   '@typescript-eslint/parser': [ '8.48.1' ],
1006 silly audit   '@typescript-eslint/typescript-estree': [ '8.48.1' ],
1006 silly audit   '@typescript-eslint/utils': [ '8.48.1' ],
1006 silly audit   '@typescript-eslint/scope-manager': [ '8.48.1' ],
1006 silly audit   '@typescript-eslint/type-utils': [ '8.48.1' ],
1006 silly audit   '@typescript-eslint/visitor-keys': [ '8.48.1' ],
1006 silly audit   graphemer: [ '1.4.0' ],
1006 silly audit   'ts-api-utils': [ '2.1.0' ],
1006 silly audit   '@typescript-eslint/types': [ '8.48.1' ],
1006 silly audit   '@typescript-eslint/project-service': [ '8.48.1' ],
1006 silly audit   '@typescript-eslint/tsconfig-utils': [ '8.48.1' ],
1006 silly audit   tinyglobby: [ '0.2.15' ],
1006 silly audit   fdir: [ '6.5.0' ],
1006 silly audit   picomatch: [ '4.0.3' ],
1006 silly audit   escalade: [ '3.2.0' ],
1006 silly audit   punycode: [ '2.3.1' ],
1006 silly audit   esbuild: [ '0.25.12' ],
1006 silly audit   fsevents: [ '2.3.3' ],
1006 silly audit   postcss: [ '8.5.6' ],
1006 silly audit   rollup: [ '4.53.3' ],
1006 silly audit   '@esbuild/aix-ppc64': [ '0.25.12' ],
1006 silly audit   '@esbuild/android-arm': [ '0.25.12' ],
1006 silly audit   '@esbuild/android-arm64': [ '0.25.12' ],
1006 silly audit   '@esbuild/android-x64': [ '0.25.12' ],
1006 silly audit   '@esbuild/darwin-arm64': [ '0.25.12' ],
1006 silly audit   '@esbuild/darwin-x64': [ '0.25.12' ],
1006 silly audit   '@esbuild/freebsd-arm64': [ '0.25.12' ],
1006 silly audit   '@esbuild/freebsd-x64': [ '0.25.12' ],
1006 silly audit   '@esbuild/linux-arm': [ '0.25.12' ],
1006 silly audit   '@esbuild/linux-arm64': [ '0.25.12' ],
1006 silly audit   '@esbuild/linux-ia32': [ '0.25.12' ],
1006 silly audit   '@esbuild/linux-loong64': [ '0.25.12' ],
1006 silly audit   '@esbuild/linux-mips64el': [ '0.25.12' ],
1006 silly audit   '@esbuild/linux-ppc64': [ '0.25.12' ],
1006 silly audit   '@esbuild/linux-riscv64': [ '0.25.12' ],
1006 silly audit   '@esbuild/linux-s390x': [ '0.25.12' ],
1006 silly audit   '@esbuild/linux-x64': [ '0.25.12' ],
1006 silly audit   '@esbuild/netbsd-arm64': [ '0.25.12' ],
1006 silly audit   '@esbuild/netbsd-x64': [ '0.25.12' ],
1006 silly audit   '@esbuild/openbsd-arm64': [ '0.25.12' ],
1006 silly audit   '@esbuild/openbsd-x64': [ '0.25.12' ],
1006 silly audit   '@esbuild/openharmony-arm64': [ '0.25.12' ],
1006 silly audit   '@esbuild/sunos-x64': [ '0.25.12' ],
1006 silly audit   '@esbuild/win32-arm64': [ '0.25.12' ],
1006 silly audit   '@esbuild/win32-ia32': [ '0.25.12' ],
1006 silly audit   '@esbuild/win32-x64': [ '0.25.12' ],
1006 silly audit   nanoid: [ '3.3.11' ],
1006 silly audit   'source-map-js': [ '1.2.1' ],
1006 silly audit   '@rollup/rollup-android-arm-eabi': [ '4.53.3' ],
1006 silly audit   '@rollup/rollup-android-arm64': [ '4.53.3' ],
1006 silly audit   '@rollup/rollup-darwin-arm64': [ '4.53.3' ],
1006 silly audit   '@rollup/rollup-darwin-x64': [ '4.53.3' ],
1006 silly audit   '@rollup/rollup-freebsd-arm64': [ '4.53.3' ],
1006 silly audit   '@rollup/rollup-freebsd-x64': [ '4.53.3' ],
1006 silly audit   '@rollup/rollup-linux-arm-gnueabihf': [ '4.53.3' ],
1006 silly audit   '@rollup/rollup-linux-arm-musleabihf': [ '4.53.3' ],
1006 silly audit   '@rollup/rollup-linux-arm64-gnu': [ '4.53.3' ],
1006 silly audit   '@rollup/rollup-linux-arm64-musl': [ '4.53.3' ],
1006 silly audit   '@rollup/rollup-linux-loong64-gnu': [ '4.53.3' ],
1006 silly audit   '@rollup/rollup-linux-ppc64-gnu': [ '4.53.3' ],
1006 silly audit   '@rollup/rollup-linux-riscv64-gnu': [ '4.53.3' ],
1006 silly audit   '@rollup/rollup-linux-riscv64-musl': [ '4.53.3' ],
1006 silly audit   '@rollup/rollup-linux-s390x-gnu': [ '4.53.3' ],
1006 silly audit   '@rollup/rollup-linux-x64-gnu': [ '4.53.3' ],
1006 silly audit   '@rollup/rollup-linux-x64-musl': [ '4.53.3' ],
1006 silly audit   '@rollup/rollup-openharmony-arm64': [ '4.53.3' ],
1006 silly audit   '@rollup/rollup-win32-arm64-msvc': [ '4.53.3' ],
1006 silly audit   '@rollup/rollup-win32-ia32-msvc': [ '4.53.3' ],
1006 silly audit   '@rollup/rollup-win32-x64-gnu': [ '4.53.3' ],
1006 silly audit   '@rollup/rollup-win32-x64-msvc': [ '4.53.3' ],
1006 silly audit   isexe: [ '2.0.0' ]
1006 silly audit }
1007 verbose reify failed optional dependency /Users/nikolaischoenwald/.gemini/antigravity/scratch/battlemap-resizer/node_modules/@rollup/rollup-win32-x64-msvc
1008 silly reify mark deleted [
1008 silly reify   '/Users/nikolaischoenwald/.gemini/antigravity/scratch/battlemap-resizer/node_modules/@rollup/rollup-win32-x64-msvc'
1008 silly reify ]
1009 verbose reify failed optional dependency /Users/nikolaischoenwald/.gemini/antigravity/scratch/battlemap-resizer/node_modules/@rollup/rollup-win32-x64-gnu
1010 silly reify mark deleted [
1010 silly reify   '/Users/nikolaischoenwald/.gemini/antigravity/scratch/battlemap-resizer/node_modules/@rollup/rollup-win32-x64-gnu'
1010 silly reify ]
1011 verbose reify failed optional dependency /Users/nikolaischoenwald/.gemini/antigravity/scratch/battlemap-resizer/node_modules/@rollup/rollup-win32-ia32-msvc
1012 silly reify mark deleted [
1012 silly reify   '/Users/nikolaischoenwald/.gemini/antigravity/scratch/battlemap-resizer/node_modules/@rollup/rollup-win32-ia32-msvc'
1012 silly reify ]
1013 verbose reify failed optional dependency /Users/nikolaischoenwald/.gemini/antigravity/scratch/battlemap-resizer/node_modules/@rollup/rollup-win32-arm64-msvc
1014 silly reify mark deleted [
1014 silly reify   '/Users/nikolaischoenwald/.gemini/antigravity/scratch/battlemap-resizer/node_modules/@rollup/rollup-win32-arm64-msvc'
1014 silly reify ]
1015 verbose reify failed optional dependency /Users/nikolaischoenwald/.gemini/antigravity/scratch/battlemap-resizer/node_modules/@rollup/rollup-openharmony-arm64
1016 silly reify mark deleted [
1016 silly reify   '/Users/nikolaischoenwald/.gemini/antigravity/scratch/battlemap-resizer/node_modules/@rollup/rollup-openharmony-arm64'
1016 silly reify ]
1017 verbose reify failed optional dependency /Users/nikolaischoenwald/.gemini/antigravity/scratch/battlemap-resizer/node_modules/@rollup/rollup-linux-x64-musl
1018 silly reify mark deleted [
1018 silly reify   '/Users/nikolaischoenwald/.gemini/antigravity/scratch/battlemap-resizer/node_modules/@rollup/rollup-linux-x64-musl'
1018 silly reify ]
1019 verbose reify failed optional dependency /Users/nikolaischoenwald/.gemini/antigravity/scratch/battlemap-resizer/node_modules/@rollup/rollup-linux-x64-gnu
1020 silly reify mark deleted [
1020 silly reify   '/Users/nikolaischoenwald/.gemini/antigravity/scratch/battlemap-resizer/node_modules/@rollup/rollup-linux-x64-gnu'
1020 silly reify ]
1021 verbose reify failed optional dependency /Users/nikolaischoenwald/.gemini/antigravity/scratch/battlemap-resizer/node_modules/@rollup/rollup-linux-s390x-gnu
1022 silly reify mark deleted [
1022 silly reify   '/Users/nikolaischoenwald/.gemini/antigravity/scratch/battlemap-resizer/node_modules/@rollup/rollup-linux-s390x-gnu'
1022 silly reify ]
1023 verbose reify failed optional dependency /Users/nikolaischoenwald/.gemini/antigravity/scratch/battlemap-resizer/node_modules/@rollup/rollup-linux-riscv64-musl
1024 silly reify mark deleted [
1024 silly reify   '/Users/nikolaischoenwald/.gemini/antigravity/scratch/battlemap-resizer/node_modules/@rollup/rollup-linux-riscv64-musl'
1024 silly reify ]
1025 verbose reify failed optional dependency /Users/nikolaischoenwald/.gemini/antigravity/scratch/battlemap-resizer/node_modules/@rollup/rollup-linux-riscv64-gnu
1026 silly reify mark deleted [
1026 silly reify   '/Users/nikolaischoenwald/.gemini/antigravity/scratch/battlemap-resizer/node_modules/@rollup/rollup-linux-riscv64-gnu'
1026 silly reify ]
1027 verbose reify failed optional dependency /Users/nikolaischoenwald/.gemini/antigravity/scratch/battlemap-resizer/node_modules/@rollup/rollup-linux-ppc64-gnu
1028 silly reify mark deleted [
1028 silly reify   '/Users/nikolaischoenwald/.gemini/antigravity/scratch/battlemap-resizer/node_modules/@rollup/rollup-linux-ppc64-gnu'
1028 silly reify ]
1029 verbose reify failed optional dependency /Users/nikolaischoenwald/.gemini/antigravity/scratch/battlemap-resizer/node_modules/@rollup/rollup-linux-loong64-gnu
1030 silly reify mark deleted [
1030 silly reify   '/Users/nikolaischoenwald/.gemini/antigravity/scratch/battlemap-resizer/node_modules/@rollup/rollup-linux-loong64-gnu'
1030 silly reify ]
1031 verbose reify failed optional dependency /Users/nikolaischoenwald/.gemini/antigravity/scratch/battlemap-resizer/node_modules/@rollup/rollup-linux-arm64-musl
1032 silly reify mark deleted [
1032 silly reify   '/Users/nikolaischoenwald/.gemini/antigravity/scratch/battlemap-resizer/node_modules/@rollup/rollup-linux-arm64-musl'
1032 silly reify ]
1033 verbose reify failed optional dependency /Users/nikolaischoenwald/.gemini/antigravity/scratch/battlemap-resizer/node_modules/@rollup/rollup-linux-arm64-gnu
1034 silly reify mark deleted [
1034 silly reify   '/Users/nikolaischoenwald/.gemini/antigravity/scratch/battlemap-resizer/node_modules/@rollup/rollup-linux-arm64-gnu'
1034 silly reify ]
1035 verbose reify failed optional dependency /Users/nikolaischoenwald/.gemini/antigravity/scratch/battlemap-resizer/node_modules/@rollup/rollup-linux-arm-musleabihf
1036 silly reify mark deleted [
1036 silly reify   '/Users/nikolaischoenwald/.gemini/antigravity/scratch/battlemap-resizer/node_modules/@rollup/rollup-linux-arm-musleabihf'
1036 silly reify ]
1037 verbose reify failed optional dependency /Users/nikolaischoenwald/.gemini/antigravity/scratch/battlemap-resizer/node_modules/@rollup/rollup-linux-arm-gnueabihf
1038 silly reify mark deleted [
1038 silly reify   '/Users/nikolaischoenwald/.gemini/antigravity/scratch/battlemap-resizer/node_modules/@rollup/rollup-linux-arm-gnueabihf'
1038 silly reify ]
1039 verbose reify failed optional dependency /Users/nikolaischoenwald/.gemini/antigravity/scratch/battlemap-resizer/node_modules/@rollup/rollup-freebsd-x64
1040 silly reify mark deleted [
1040 silly reify   '/Users/nikolaischoenwald/.gemini/antigravity/scratch/battlemap-resizer/node_modules/@rollup/rollup-freebsd-x64'
1040 silly reify ]
1041 verbose reify failed optional dependency /Users/nikolaischoenwald/.gemini/antigravity/scratch/battlemap-resizer/node_modules/@rollup/rollup-freebsd-arm64
1042 silly reify mark deleted [
1042 silly reify   '/Users/nikolaischoenwald/.gemini/antigravity/scratch/battlemap-resizer/node_modules/@rollup/rollup-freebsd-arm64'
1042 silly reify ]
1043 verbose reify failed optional dependency /Users/nikolaischoenwald/.gemini/antigravity/scratch/battlemap-resizer/node_modules/@rollup/rollup-darwin-x64
1044 silly reify mark deleted [
1044 silly reify   '/Users/nikolaischoenwald/.gemini/antigravity/scratch/battlemap-resizer/node_modules/@rollup/rollup-darwin-x64'
1044 silly reify ]
1045 verbose reify failed optional dependency /Users/nikolaischoenwald/.gemini/antigravity/scratch/battlemap-resizer/node_modules/@rollup/rollup-android-arm64
1046 silly reify mark deleted [
1046 silly reify   '/Users/nikolaischoenwald/.gemini/antigravity/scratch/battlemap-resizer/node_modules/@rollup/rollup-android-arm64'
1046 silly reify ]
1047 verbose reify failed optional dependency /Users/nikolaischoenwald/.gemini/antigravity/scratch/battlemap-resizer/node_modules/@rollup/rollup-android-arm-eabi
1048 silly reify mark deleted [
1048 silly reify   '/Users/nikolaischoenwald/.gemini/antigravity/scratch/battlemap-resizer/node_modules/@rollup/rollup-android-arm-eabi'
1048 silly reify ]
1049 verbose reify failed optional dependency /Users/nikolaischoenwald/.gemini/antigravity/scratch/battlemap-resizer/node_modules/@esbuild/win32-x64
1050 silly reify mark deleted [
1050 silly reify   '/Users/nikolaischoenwald/.gemini/antigravity/scratch/battlemap-resizer/node_modules/@esbuild/win32-x64'
1050 silly reify ]
1051 verbose reify failed optional dependency /Users/nikolaischoenwald/.gemini/antigravity/scratch/battlemap-resizer/node_modules/@esbuild/win32-ia32
1052 silly reify mark deleted [
1052 silly reify   '/Users/nikolaischoenwald/.gemini/antigravity/scratch/battlemap-resizer/node_modules/@esbuild/win32-ia32'
1052 silly reify ]
1053 verbose reify failed optional dependency /Users/nikolaischoenwald/.gemini/antigravity/scratch/battlemap-resizer/node_modules/@esbuild/win32-arm64
1054 silly reify mark deleted [
1054 silly reify   '/Users/nikolaischoenwald/.gemini/antigravity/scratch/battlemap-resizer/node_modules/@esbuild/win32-arm64'
1054 silly reify ]
1055 verbose reify failed optional dependency /Users/nikolaischoenwald/.gemini/antigravity/scratch/battlemap-resizer/node_modules/@esbuild/sunos-x64
1056 silly reify mark deleted [
1056 silly reify   '/Users/nikolaischoenwald/.gemini/antigravity/scratch/battlemap-resizer/node_modules/@esbuild/sunos-x64'
1056 silly reify ]
1057 verbose reify failed optional dependency /Users/nikolaischoenwald/.gemini/antigravity/scratch/battlemap-resizer/node_modules/@esbuild/openharmony-arm64
1058 silly reify mark deleted [
1058 silly reify   '/Users/nikolaischoenwald/.gemini/antigravity/scratch/battlemap-resizer/node_modules/@esbuild/openharmony-arm64'
1058 silly reify ]
1059 verbose reify failed optional dependency /Users/nikolaischoenwald/.gemini/antigravity/scratch/battlemap-resizer/node_modules/@esbuild/openbsd-x64
1060 silly reify mark deleted [
1060 silly reify   '/Users/nikolaischoenwald/.gemini/antigravity/scratch/battlemap-resizer/node_modules/@esbuild/openbsd-x64'
1060 silly reify ]
1061 verbose reify failed optional dependency /Users/nikolaischoenwald/.gemini/antigravity/scratch/battlemap-resizer/node_modules/@esbuild/openbsd-arm64
1062 silly reify mark deleted [
1062 silly reify   '/Users/nikolaischoenwald/.gemini/antigravity/scratch/battlemap-resizer/node_modules/@esbuild/openbsd-arm64'
1062 silly reify ]
1063 verbose reify failed optional dependency /Users/nikolaischoenwald/.gemini/antigravity/scratch/battlemap-resizer/node_modules/@esbuild/netbsd-x64
1064 silly reify mark deleted [
1064 silly reify   '/Users/nikolaischoenwald/.gemini/antigravity/scratch/battlemap-resizer/node_modules/@esbuild/netbsd-x64'
1064 silly reify ]
1065 verbose reify failed optional dependency /Users/nikolaischoenwald/.gemini/antigravity/scratch/battlemap-resizer/node_modules/@esbuild/netbsd-arm64
1066 silly reify mark deleted [
1066 silly reify   '/Users/nikolaischoenwald/.gemini/antigravity/scratch/battlemap-resizer/node_modules/@esbuild/netbsd-arm64'
1066 silly reify ]
1067 verbose reify failed optional dependency /Users/nikolaischoenwald/.gemini/antigravity/scratch/battlemap-resizer/node_modules/@esbuild/linux-x64
1068 silly reify mark deleted [
1068 silly reify   '/Users/nikolaischoenwald/.gemini/antigravity/scratch/battlemap-resizer/node_modules/@esbuild/linux-x64'
1068 silly reify ]
1069 verbose reify failed optional dependency /Users/nikolaischoenwald/.gemini/antigravity/scratch/battlemap-resizer/node_modules/@esbuild/linux-s390x
1070 silly reify mark deleted [
1070 silly reify   '/Users/nikolaischoenwald/.gemini/antigravity/scratch/battlemap-resizer/node_modules/@esbuild/linux-s390x'
1070 silly reify ]
1071 verbose reify failed optional dependency /Users/nikolaischoenwald/.gemini/antigravity/scratch/battlemap-resizer/node_modules/@esbuild/linux-riscv64
1072 silly reify mark deleted [
1072 silly reify   '/Users/nikolaischoenwald/.gemini/antigravity/scratch/battlemap-resizer/node_modules/@esbuild/linux-riscv64'
1072 silly reify ]
1073 verbose reify failed optional dependency /Users/nikolaischoenwald/.gemini/antigravity/scratch/battlemap-resizer/node_modules/@esbuild/linux-ppc64
1074 silly reify mark deleted [
1074 silly reify   '/Users/nikolaischoenwald/.gemini/antigravity/scratch/battlemap-resizer/node_modules/@esbuild/linux-ppc64'
1074 silly reify ]
1075 verbose reify failed optional dependency /Users/nikolaischoenwald/.gemini/antigravity/scratch/battlemap-resizer/node_modules/@esbuild/linux-mips64el
1076 silly reify mark deleted [
1076 silly reify   '/Users/nikolaischoenwald/.gemini/antigravity/scratch/battlemap-resizer/node_modules/@esbuild/linux-mips64el'
1076 silly reify ]
1077 verbose reify failed optional dependency /Users/nikolaischoenwald/.gemini/antigravity/scratch/battlemap-resizer/node_modules/@esbuild/linux-loong64
1078 silly reify mark deleted [
1078 silly reify   '/Users/nikolaischoenwald/.gemini/antigravity/scratch/battlemap-resizer/node_modules/@esbuild/linux-loong64'
1078 silly reify ]
1079 verbose reify failed optional dependency /Users/nikolaischoenwald/.gemini/antigravity/scratch/battlemap-resizer/node_modules/@esbuild/linux-ia32
1080 silly reify mark deleted [
1080 silly reify   '/Users/nikolaischoenwald/.gemini/antigravity/scratch/battlemap-resizer/node_modules/@esbuild/linux-ia32'
1080 silly reify ]
1081 verbose reify failed optional dependency /Users/nikolaischoenwald/.gemini/antigravity/scratch/battlemap-resizer/node_modules/@esbuild/linux-arm64
1082 silly reify mark deleted [
1082 silly reify   '/Users/nikolaischoenwald/.gemini/antigravity/scratch/battlemap-resizer/node_modules/@esbuild/linux-arm64'
1082 silly reify ]
1083 verbose reify failed optional dependency /Users/nikolaischoenwald/.gemini/antigravity/scratch/battlemap-resizer/node_modules/@esbuild/linux-arm
1084 silly reify mark deleted [
1084 silly reify   '/Users/nikolaischoenwald/.gemini/antigravity/scratch/battlemap-resizer/node_modules/@esbuild/linux-arm'
1084 silly reify ]
1085 verbose reify failed optional dependency /Users/nikolaischoenwald/.gemini/antigravity/scratch/battlemap-resizer/node_modules/@esbuild/freebsd-x64
1086 silly reify mark deleted [
1086 silly reify   '/Users/nikolaischoenwald/.gemini/antigravity/scratch/battlemap-resizer/node_modules/@esbuild/freebsd-x64'
1086 silly reify ]
1087 verbose reify failed optional dependency /Users/nikolaischoenwald/.gemini/antigravity/scratch/battlemap-resizer/node_modules/@esbuild/freebsd-arm64
1088 silly reify mark deleted [
1088 silly reify   '/Users/nikolaischoenwald/.gemini/antigravity/scratch/battlemap-resizer/node_modules/@esbuild/freebsd-arm64'
1088 silly reify ]
1089 verbose reify failed optional dependency /Users/nikolaischoenwald/.gemini/antigravity/scratch/battlemap-resizer/node_modules/@esbuild/darwin-x64
1090 silly reify mark deleted [
1090 silly reify   '/Users/nikolaischoenwald/.gemini/antigravity/scratch/battlemap-resizer/node_modules/@esbuild/darwin-x64'
1090 silly reify ]
1091 verbose reify failed optional dependency /Users/nikolaischoenwald/.gemini/antigravity/scratch/battlemap-resizer/node_modules/@esbuild/android-x64
1092 silly reify mark deleted [
1092 silly reify   '/Users/nikolaischoenwald/.gemini/antigravity/scratch/battlemap-resizer/node_modules/@esbuild/android-x64'
1092 silly reify ]
1093 verbose reify failed optional dependency /Users/nikolaischoenwald/.gemini/antigravity/scratch/battlemap-resizer/node_modules/@esbuild/android-arm64
1094 silly reify mark deleted [
1094 silly reify   '/Users/nikolaischoenwald/.gemini/antigravity/scratch/battlemap-resizer/node_modules/@esbuild/android-arm64'
1094 silly reify ]
1095 verbose reify failed optional dependency /Users/nikolaischoenwald/.gemini/antigravity/scratch/battlemap-resizer/node_modules/@esbuild/android-arm
1096 silly reify mark deleted [
1096 silly reify   '/Users/nikolaischoenwald/.gemini/antigravity/scratch/battlemap-resizer/node_modules/@esbuild/android-arm'
1096 silly reify ]
1097 verbose reify failed optional dependency /Users/nikolaischoenwald/.gemini/antigravity/scratch/battlemap-resizer/node_modules/@esbuild/aix-ppc64
1098 silly reify mark deleted [
1098 silly reify   '/Users/nikolaischoenwald/.gemini/antigravity/scratch/battlemap-resizer/node_modules/@esbuild/aix-ppc64'
1098 silly reify ]
1099 timing reifyNode:node_modules/@rollup/rollup-win32-x64-msvc Completed in 19ms
1100 timing reifyNode:node_modules/@rollup/rollup-win32-x64-gnu Completed in 19ms
1101 timing reifyNode:node_modules/@rollup/rollup-win32-ia32-msvc Completed in 19ms
1102 timing reifyNode:node_modules/@rollup/rollup-win32-arm64-msvc Completed in 19ms
1103 timing reifyNode:node_modules/@rollup/rollup-openharmony-arm64 Completed in 19ms
1104 timing reifyNode:node_modules/@rollup/rollup-linux-x64-musl Completed in 20ms
1105 timing reifyNode:node_modules/@rollup/rollup-linux-x64-gnu Completed in 20ms
1106 timing reifyNode:node_modules/@rollup/rollup-linux-s390x-gnu Completed in 20ms
1107 timing reifyNode:node_modules/@rollup/rollup-linux-riscv64-musl Completed in 20ms
1108 timing reifyNode:node_modules/@rollup/rollup-linux-riscv64-gnu Completed in 20ms
1109 timing reifyNode:node_modules/@rollup/rollup-linux-ppc64-gnu Completed in 20ms
1110 timing reifyNode:node_modules/@rollup/rollup-linux-loong64-gnu Completed in 20ms
1111 timing reifyNode:node_modules/@rollup/rollup-linux-arm64-musl Completed in 20ms
1112 timing reifyNode:node_modules/@rollup/rollup-linux-arm64-gnu Completed in 20ms
1113 timing reifyNode:node_modules/@rollup/rollup-linux-arm-musleabihf Completed in 20ms
1114 timing reifyNode:node_modules/@rollup/rollup-linux-arm-gnueabihf Completed in 20ms
1115 timing reifyNode:node_modules/@rollup/rollup-freebsd-x64 Completed in 20ms
1116 timing reifyNode:node_modules/@rollup/rollup-freebsd-arm64 Completed in 20ms
1117 timing reifyNode:node_modules/@rollup/rollup-darwin-x64 Completed in 20ms
1118 timing reifyNode:node_modules/@rollup/rollup-android-arm64 Completed in 20ms
1119 timing reifyNode:node_modules/@rollup/rollup-android-arm-eabi Completed in 20ms
1120 timing reifyNode:node_modules/@esbuild/win32-x64 Completed in 19ms
1121 timing reifyNode:node_modules/@esbuild/win32-ia32 Completed in 19ms
1122 timing reifyNode:node_modules/@esbuild/win32-arm64 Completed in 19ms
1123 timing reifyNode:node_modules/@esbuild/sunos-x64 Completed in 19ms
1124 timing reifyNode:node_modules/@esbuild/openharmony-arm64 Completed in 19ms
1125 timing reifyNode:node_modules/@esbuild/openbsd-x64 Completed in 19ms
1126 timing reifyNode:node_modules/@esbuild/openbsd-arm64 Completed in 19ms
1127 timing reifyNode:node_modules/@esbuild/netbsd-x64 Completed in 19ms
1128 timing reifyNode:node_modules/@esbuild/netbsd-arm64 Completed in 19ms
1129 timing reifyNode:node_modules/@esbuild/linux-x64 Completed in 19ms
1130 timing reifyNode:node_modules/@esbuild/linux-s390x Completed in 19ms
1131 timing reifyNode:node_modules/@esbuild/linux-riscv64 Completed in 19ms
1132 timing reifyNode:node_modules/@esbuild/linux-ppc64 Completed in 19ms
1133 timing reifyNode:node_modules/@esbuild/linux-mips64el Completed in 19ms
1134 timing reifyNode:node_modules/@esbuild/linux-loong64 Completed in 19ms
1135 timing reifyNode:node_modules/@esbuild/linux-ia32 Completed in 19ms
1136 timing reifyNode:node_modules/@esbuild/linux-arm64 Completed in 19ms
1137 timing reifyNode:node_modules/@esbuild/linux-arm Completed in 19ms
1138 timing reifyNode:node_modules/@esbuild/freebsd-x64 Completed in 19ms
1139 timing reifyNode:node_modules/@esbuild/freebsd-arm64 Completed in 19ms
1140 timing reifyNode:node_modules/@esbuild/darwin-x64 Completed in 19ms
1141 timing reifyNode:node_modules/@esbuild/android-x64 Completed in 20ms
1142 timing reifyNode:node_modules/@esbuild/android-arm64 Completed in 20ms
1143 timing reifyNode:node_modules/@esbuild/android-arm Completed in 20ms
1144 timing reifyNode:node_modules/@esbuild/aix-ppc64 Completed in 20ms
1145 silly tarball no local data for @rollup/rollup-darwin-arm64@https://registry.npmjs.org/@rollup/rollup-darwin-arm64/-/rollup-darwin-arm64-4.53.3.tgz. Extracting by manifest.
1146 silly tarball no local data for isexe@https://registry.npmjs.org/isexe/-/isexe-2.0.0.tgz. Extracting by manifest.
1147 silly tarball no local data for source-map-js@https://registry.npmjs.org/source-map-js/-/source-map-js-1.2.1.tgz. Extracting by manifest.
1148 silly tarball no local data for rollup@https://registry.npmjs.org/rollup/-/rollup-4.53.3.tgz. Extracting by manifest.
1149 silly tarball no local data for postcss@https://registry.npmjs.org/postcss/-/postcss-8.5.6.tgz. Extracting by manifest.
1150 silly tarball no local data for nanoid@https://registry.npmjs.org/nanoid/-/nanoid-3.3.11.tgz. Extracting by manifest.
1151 silly tarball no local data for @esbuild/darwin-arm64@https://registry.npmjs.org/@esbuild/darwin-arm64/-/darwin-arm64-0.25.12.tgz. Extracting by manifest.
1152 silly tarball no local data for punycode@https://registry.npmjs.org/punycode/-/punycode-2.3.1.tgz. Extracting by manifest.
1153 silly tarball no local data for fsevents@https://registry.npmjs.org/fsevents/-/fsevents-2.3.3.tgz. Extracting by manifest.
1154 silly tarball no local data for esbuild@https://registry.npmjs.org/esbuild/-/esbuild-0.25.12.tgz. Extracting by manifest.
1155 silly tarball no local data for escalade@https://registry.npmjs.org/escalade/-/escalade-3.2.0.tgz. Extracting by manifest.
1156 silly tarball no local data for picomatch@https://registry.npmjs.org/picomatch/-/picomatch-4.0.3.tgz. Extracting by manifest.
1157 silly tarball no local data for tinyglobby@https://registry.npmjs.org/tinyglobby/-/tinyglobby-0.2.15.tgz. Extracting by manifest.
1158 silly tarball no local data for @typescript-eslint/project-service@https://registry.npmjs.org/@typescript-eslint/project-service/-/project-service-8.48.1.tgz. Extracting by manifest.
1159 silly tarball no local data for @typescript-eslint/tsconfig-utils@https://registry.npmjs.org/@typescript-eslint/tsconfig-utils/-/tsconfig-utils-8.48.1.tgz. Extracting by manifest.
1160 silly tarball no local data for @typescript-eslint/types@https://registry.npmjs.org/@typescript-eslint/types/-/types-8.48.1.tgz. Extracting by manifest.
1161 silly tarball no local data for graphemer@https://registry.npmjs.org/graphemer/-/graphemer-1.4.0.tgz. Extracting by manifest.
1162 silly tarball no local data for ts-api-utils@https://registry.npmjs.org/ts-api-utils/-/ts-api-utils-2.1.0.tgz. Extracting by manifest.
1163 silly tarball no local data for @typescript-eslint/type-utils@https://registry.npmjs.org/@typescript-eslint/type-utils/-/type-utils-8.48.1.tgz. Extracting by manifest.
1164 silly tarball no local data for @typescript-eslint/scope-manager@https://registry.npmjs.org/@typescript-eslint/scope-manager/-/scope-manager-8.48.1.tgz. Extracting by manifest.
1165 silly tarball no local data for @typescript-eslint/utils@https://registry.npmjs.org/@typescript-eslint/utils/-/utils-8.48.1.tgz. Extracting by manifest.
1166 silly tarball no local data for @typescript-eslint/visitor-keys@https://registry.npmjs.org/@typescript-eslint/visitor-keys/-/visitor-keys-8.48.1.tgz. Extracting by manifest.
1167 silly tarball no local data for @typescript-eslint/parser@https://registry.npmjs.org/@typescript-eslint/parser/-/parser-8.48.1.tgz. Extracting by manifest.
1168 silly tarball no local data for @typescript-eslint/typescript-estree@https://registry.npmjs.org/@typescript-eslint/typescript-estree/-/typescript-estree-8.48.1.tgz. Extracting by manifest.
1169 silly tarball no local data for has-flag@https://registry.npmjs.org/has-flag/-/has-flag-4.0.0.tgz. Extracting by manifest.
1170 silly tarball no local data for scheduler@https://registry.npmjs.org/scheduler/-/scheduler-0.27.0.tgz. Extracting by manifest.
1171 silly tarball no local data for @typescript-eslint/eslint-plugin@https://registry.npmjs.org/@typescript-eslint/eslint-plugin/-/eslint-plugin-8.48.1.tgz. Extracting by manifest.
1172 silly tarball no local data for fdir@https://registry.npmjs.org/fdir/-/fdir-6.5.0.tgz. Extracting by manifest.
1173 silly tarball no local data for callsites@https://registry.npmjs.org/callsites/-/callsites-3.1.0.tgz. Extracting by manifest.
1174 silly tarball no local data for yocto-queue@https://registry.npmjs.org/yocto-queue/-/yocto-queue-0.1.0.tgz. Extracting by manifest.
1175 silly tarball no local data for shebang-regex@https://registry.npmjs.org/shebang-regex/-/shebang-regex-3.0.0.tgz. Extracting by manifest.
1176 silly tarball no local data for word-wrap@https://registry.npmjs.org/word-wrap/-/word-wrap-1.2.5.tgz. Extracting by manifest.
1177 silly tarball no local data for fast-levenshtein@https://registry.npmjs.org/fast-levenshtein/-/fast-levenshtein-2.0.6.tgz. Extracting by manifest.
1178 silly tarball no local data for concat-map@https://registry.npmjs.org/concat-map/-/concat-map-0.0.1.tgz. Extracting by manifest.
1179 silly tarball no local data for brace-expansion@https://registry.npmjs.org/brace-expansion/-/brace-expansion-1.1.12.tgz. Extracting by manifest.
1180 silly tarball no local data for yallist@https://registry.npmjs.org/yallist/-/yallist-3.1.1.tgz. Extracting by manifest.
1181 silly tarball no local data for balanced-match@https://registry.npmjs.org/balanced-match/-/balanced-match-1.0.2.tgz. Extracting by manifest.
1182 silly tarball no local data for deep-is@https://registry.npmjs.org/deep-is/-/deep-is-0.1.4.tgz. Extracting by manifest.
1183 silly tarball no local data for p-locate@https://registry.npmjs.org/p-locate/-/p-locate-5.0.0.tgz. Extracting by manifest.
1184 silly tarball no local data for json-buffer@https://registry.npmjs.org/json-buffer/-/json-buffer-3.0.1.tgz. Extracting by manifest.
1185 silly tarball no local data for type-check@https://registry.npmjs.org/type-check/-/type-check-0.4.0.tgz. Extracting by manifest.
1186 silly tarball no local data for argparse@https://registry.npmjs.org/argparse/-/argparse-2.0.1.tgz. Extracting by manifest.
1187 silly tarball no local data for is-extglob@https://registry.npmjs.org/is-extglob/-/is-extglob-2.1.1.tgz. Extracting by manifest.
1188 silly tarball no local data for resolve-from@https://registry.npmjs.org/resolve-from/-/resolve-from-4.0.0.tgz. Extracting by manifest.
1189 silly tarball no local data for p-limit@https://registry.npmjs.org/p-limit/-/p-limit-3.1.0.tgz. Extracting by manifest.
1190 silly tarball no local data for parent-module@https://registry.npmjs.org/parent-module/-/parent-module-1.0.1.tgz. Extracting by manifest.
1191 silly tarball no local data for hermes-estree@https://registry.npmjs.org/hermes-estree/-/hermes-estree-0.25.1.tgz. Extracting by manifest.
1192 silly tarball no local data for flatted@https://registry.npmjs.org/flatted/-/flatted-3.3.3.tgz. Extracting by manifest.
1193 silly tarball no local data for prelude-ls@https://registry.npmjs.org/prelude-ls/-/prelude-ls-1.2.1.tgz. Extracting by manifest.
1194 silly tarball no local data for path-exists@https://registry.npmjs.org/path-exists/-/path-exists-4.0.0.tgz. Extracting by manifest.
1195 silly tarball no local data for flat-cache@https://registry.npmjs.org/flat-cache/-/flat-cache-4.0.1.tgz. Extracting by manifest.
1196 silly tarball no local data for keyv@https://registry.npmjs.org/keyv/-/keyv-4.5.4.tgz. Extracting by manifest.
1197 silly tarball no local data for estraverse@https://registry.npmjs.org/estraverse/-/estraverse-5.3.0.tgz. Extracting by manifest.
1198 silly tarball no local data for esrecurse@https://registry.npmjs.org/esrecurse/-/esrecurse-4.3.0.tgz. Extracting by manifest.
1199 silly tarball no local data for locate-path@https://registry.npmjs.org/locate-path/-/locate-path-6.0.0.tgz. Extracting by manifest.
1200 silly tarball no local data for acorn-jsx@https://registry.npmjs.org/acorn-jsx/-/acorn-jsx-5.3.2.tgz. Extracting by manifest.
1201 silly tarball no local data for acorn@https://registry.npmjs.org/acorn/-/acorn-8.15.0.tgz. Extracting by manifest.
1202 silly tarball no local data for zod-validation-error@https://registry.npmjs.org/zod-validation-error/-/zod-validation-error-4.0.2.tgz. Extracting by manifest.
1203 silly tarball no local data for zod@https://registry.npmjs.org/zod/-/zod-4.1.13.tgz. Extracting by manifest.
1204 silly tarball no local data for shebang-command@https://registry.npmjs.org/shebang-command/-/shebang-command-2.0.0.tgz. Extracting by manifest.
1205 silly tarball no local data for which@https://registry.npmjs.org/which/-/which-2.0.2.tgz. Extracting by manifest.
1206 silly tarball no local data for hermes-parser@https://registry.npmjs.org/hermes-parser/-/hermes-parser-0.25.1.tgz. Extracting by manifest.
1207 silly tarball no local data for path-key@https://registry.npmjs.org/path-key/-/path-key-3.1.1.tgz. Extracting by manifest.
1208 silly tarball no local data for color-name@https://registry.npmjs.org/color-name/-/color-name-1.1.4.tgz. Extracting by manifest.
1209 silly tarball no local data for ansi-styles@https://registry.npmjs.org/ansi-styles/-/ansi-styles-4.3.0.tgz. Extracting by manifest.
1210 silly tarball no local data for supports-color@https://registry.npmjs.org/supports-color/-/supports-color-7.2.0.tgz. Extracting by manifest.
1211 silly tarball no local data for json-schema-traverse@https://registry.npmjs.org/json-schema-traverse/-/json-schema-traverse-0.4.1.tgz. Extracting by manifest.
1212 silly tarball no local data for uri-js@https://registry.npmjs.org/uri-js/-/uri-js-4.4.1.tgz. Extracting by manifest.
1213 silly tarball no local data for fast-json-stable-stringify@https://registry.npmjs.org/fast-json-stable-stringify/-/fast-json-stable-stringify-2.1.0.tgz. Extracting by manifest.
1214 silly tarball no local data for @humanfs/core@https://registry.npmjs.org/@humanfs/core/-/core-0.19.1.tgz. Extracting by manifest.
1215 silly tarball no local data for levn@https://registry.npmjs.org/levn/-/levn-0.4.1.tgz. Extracting by manifest.
1216 silly tarball no local data for js-yaml@https://registry.npmjs.org/js-yaml/-/js-yaml-4.1.1.tgz. Extracting by manifest.
1217 silly tarball no local data for import-fresh@https://registry.npmjs.org/import-fresh/-/import-fresh-3.3.1.tgz. Extracting by manifest.
1218 silly tarball no local data for @types/json-schema@https://registry.npmjs.org/@types/json-schema/-/json-schema-7.0.15.tgz. Extracting by manifest.
1219 silly tarball no local data for strip-json-comments@https://registry.npmjs.org/strip-json-comments/-/strip-json-comments-3.1.1.tgz. Extracting by manifest.
1220 silly tarball no local data for @eslint/object-schema@https://registry.npmjs.org/@eslint/object-schema/-/object-schema-2.1.7.tgz. Extracting by manifest.
1221 silly tarball no local data for optionator@https://registry.npmjs.org/optionator/-/optionator-0.9.4.tgz. Extracting by manifest.
1222 silly tarball no local data for natural-compare@https://registry.npmjs.org/natural-compare/-/natural-compare-1.4.0.tgz. Extracting by manifest.
1223 silly tarball no local data for minimatch@https://registry.npmjs.org/minimatch/-/minimatch-3.1.2.tgz. Extracting by manifest.
1224 silly tarball no local data for lodash.merge@https://registry.npmjs.org/lodash.merge/-/lodash.merge-4.6.2.tgz. Extracting by manifest.
1225 silly tarball no local data for json-stable-stringify-without-jsonify@https://registry.npmjs.org/json-stable-stringify-without-jsonify/-/json-stable-stringify-without-jsonify-1.0.1.tgz. Extracting by manifest.
1226 silly tarball no local data for is-glob@https://registry.npmjs.org/is-glob/-/is-glob-4.0.3.tgz. Extracting by manifest.
1227 silly tarball no local data for imurmurhash@https://registry.npmjs.org/imurmurhash/-/imurmurhash-0.1.4.tgz. Extracting by manifest.
1228 silly tarball no local data for glob-parent@https://registry.npmjs.org/glob-parent/-/glob-parent-6.0.2.tgz. Extracting by manifest.
1229 silly tarball no local data for ignore@https://registry.npmjs.org/ignore/-/ignore-5.3.2.tgz. Extracting by manifest.
1230 silly tarball no local data for find-up@https://registry.npmjs.org/find-up/-/find-up-5.0.0.tgz. Extracting by manifest.
1231 silly tarball no local data for file-entry-cache@https://registry.npmjs.org/file-entry-cache/-/file-entry-cache-8.0.0.tgz. Extracting by manifest.
1232 silly tarball no local data for fast-deep-equal@https://registry.npmjs.org/fast-deep-equal/-/fast-deep-equal-3.1.3.tgz. Extracting by manifest.
1233 silly tarball no local data for esquery@https://registry.npmjs.org/esquery/-/esquery-1.6.0.tgz. Extracting by manifest.
1234 silly tarball no local data for esutils@https://registry.npmjs.org/esutils/-/esutils-2.0.3.tgz. Extracting by manifest.
1235 silly tarball no local data for espree@https://registry.npmjs.org/espree/-/espree-10.4.0.tgz. Extracting by manifest.
1236 silly tarball no local data for eslint-visitor-keys@https://registry.npmjs.org/eslint-visitor-keys/-/eslint-visitor-keys-4.2.1.tgz. Extracting by manifest.
1237 silly tarball no local data for eslint-scope@https://registry.npmjs.org/eslint-scope/-/eslint-scope-8.4.0.tgz. Extracting by manifest.
1238 silly tarball no local data for escape-string-regexp@https://registry.npmjs.org/escape-string-regexp/-/escape-string-regexp-4.0.0.tgz. Extracting by manifest.
1239 silly tarball no local data for cross-spawn@https://registry.npmjs.org/cross-spawn/-/cross-spawn-7.0.6.tgz. Extracting by manifest.
1240 silly tarball no local data for chalk@https://registry.npmjs.org/chalk/-/chalk-4.1.2.tgz. Extracting by manifest.
1241 silly tarball no local data for ajv@https://registry.npmjs.org/ajv/-/ajv-6.12.6.tgz. Extracting by manifest.
1242 silly tarball no local data for color-convert@https://registry.npmjs.org/color-convert/-/color-convert-2.0.1.tgz. Extracting by manifest.
1243 silly tarball no local data for @types/estree@https://registry.npmjs.org/@types/estree/-/estree-1.0.8.tgz. Extracting by manifest.
1244 silly tarball no local data for @humanwhocodes/retry@https://registry.npmjs.org/@humanwhocodes/retry/-/retry-0.4.3.tgz. Extracting by manifest.
1245 silly tarball no local data for @humanwhocodes/module-importer@https://registry.npmjs.org/@humanwhocodes/module-importer/-/module-importer-1.0.1.tgz. Extracting by manifest.
1246 silly tarball no local data for @eslint/eslintrc@https://registry.npmjs.org/@eslint/eslintrc/-/eslintrc-3.3.3.tgz. Extracting by manifest.
1247 silly tarball no local data for @eslint/core@https://registry.npmjs.org/@eslint/core/-/core-0.17.0.tgz. Extracting by manifest.
1248 silly tarball no local data for @eslint/config-helpers@https://registry.npmjs.org/@eslint/config-helpers/-/config-helpers-0.4.2.tgz. Extracting by manifest.
1249 silly tarball no local data for @eslint-community/regexpp@https://registry.npmjs.org/@eslint-community/regexpp/-/regexpp-4.12.2.tgz. Extracting by manifest.
1250 silly tarball no local data for @eslint/plugin-kit@https://registry.npmjs.org/@eslint/plugin-kit/-/plugin-kit-0.4.1.tgz. Extracting by manifest.
1251 silly tarball no local data for @humanfs/node@https://registry.npmjs.org/@humanfs/node/-/node-0.16.7.tgz. Extracting by manifest.
1252 silly tarball no local data for @eslint/config-array@https://registry.npmjs.org/@eslint/config-array/-/config-array-0.21.1.tgz. Extracting by manifest.
1253 silly tarball no local data for ms@https://registry.npmjs.org/ms/-/ms-2.1.3.tgz. Extracting by manifest.
1254 silly tarball no local data for @eslint-community/eslint-utils@https://registry.npmjs.org/@eslint-community/eslint-utils/-/eslint-utils-4.9.0.tgz. Extracting by manifest.
1255 silly tarball no local data for update-browserslist-db@https://registry.npmjs.org/update-browserslist-db/-/update-browserslist-db-1.2.2.tgz. Extracting by manifest.
1256 silly tarball no local data for electron-to-chromium@https://registry.npmjs.org/electron-to-chromium/-/electron-to-chromium-1.5.266.tgz. Extracting by manifest.
1257 silly tarball no local data for caniuse-lite@https://registry.npmjs.org/caniuse-lite/-/caniuse-lite-1.0.30001759.tgz. Extracting by manifest.
1258 silly tarball no local data for @types/babel__template@https://registry.npmjs.org/@types/babel__template/-/babel__template-7.4.4.tgz. Extracting by manifest.
1259 silly tarball no local data for baseline-browser-mapping@https://registry.npmjs.org/baseline-browser-mapping/-/baseline-browser-mapping-2.9.3.tgz. Extracting by manifest.
1260 silly tarball no local data for node-releases@https://registry.npmjs.org/node-releases/-/node-releases-2.0.27.tgz. Extracting by manifest.
1261 silly tarball no local data for @types/babel__traverse@https://registry.npmjs.org/@types/babel__traverse/-/babel__traverse-7.28.0.tgz. Extracting by manifest.
1262 silly tarball no local data for @types/babel__generator@https://registry.npmjs.org/@types/babel__generator/-/babel__generator-7.27.0.tgz. Extracting by manifest.
1263 silly tarball no local data for @jridgewell/resolve-uri@https://registry.npmjs.org/@jridgewell/resolve-uri/-/resolve-uri-3.1.2.tgz. Extracting by manifest.
1264 silly tarball no local data for @babel/helper-globals@https://registry.npmjs.org/@babel/helper-globals/-/helper-globals-7.28.0.tgz. Extracting by manifest.
1265 silly tarball no local data for @babel/helper-plugin-utils@https://registry.npmjs.org/@babel/helper-plugin-utils/-/helper-plugin-utils-7.27.1.tgz. Extracting by manifest.
1266 silly tarball no local data for lru-cache@https://registry.npmjs.org/lru-cache/-/lru-cache-5.1.1.tgz. Extracting by manifest.
1267 silly tarball no local data for @babel/helper-module-imports@https://registry.npmjs.org/@babel/helper-module-imports/-/helper-module-imports-7.27.1.tgz. Extracting by manifest.
1268 silly tarball no local data for @babel/helper-validator-option@https://registry.npmjs.org/@babel/helper-validator-option/-/helper-validator-option-7.27.1.tgz. Extracting by manifest.
1269 silly tarball no local data for @babel/helper-string-parser@https://registry.npmjs.org/@babel/helper-string-parser/-/helper-string-parser-7.27.1.tgz. Extracting by manifest.
1270 silly tarball no local data for jsesc@https://registry.npmjs.org/jsesc/-/jsesc-3.1.0.tgz. Extracting by manifest.
1271 silly tarball no local data for @babel/compat-data@https://registry.npmjs.org/@babel/compat-data/-/compat-data-7.28.5.tgz. Extracting by manifest.
1272 silly tarball no local data for @jridgewell/sourcemap-codec@https://registry.npmjs.org/@jridgewell/sourcemap-codec/-/sourcemap-codec-1.5.5.tgz. Extracting by manifest.
1273 silly tarball no local data for @jridgewell/trace-mapping@https://registry.npmjs.org/@jridgewell/trace-mapping/-/trace-mapping-0.3.31.tgz. Extracting by manifest.
1274 silly tarball no local data for browserslist@https://registry.npmjs.org/browserslist/-/browserslist-4.28.1.tgz. Extracting by manifest.
1275 silly tarball no local data for js-tokens@https://registry.npmjs.org/js-tokens/-/js-tokens-4.0.0.tgz. Extracting by manifest.
1276 silly tarball no local data for @jridgewell/gen-mapping@https://registry.npmjs.org/@jridgewell/gen-mapping/-/gen-mapping-0.3.13.tgz. Extracting by manifest.
1277 silly tarball no local data for @babel/helper-validator-identifier@https://registry.npmjs.org/@babel/helper-validator-identifier/-/helper-validator-identifier-7.28.5.tgz. Extracting by manifest.
1278 silly tarball no local data for semver@https://registry.npmjs.org/semver/-/semver-6.3.1.tgz. Extracting by manifest.
1279 silly tarball no local data for json5@https://registry.npmjs.org/json5/-/json5-2.2.3.tgz. Extracting by manifest.
1280 silly tarball no local data for gensync@https://registry.npmjs.org/gensync/-/gensync-1.0.0-beta.2.tgz. Extracting by manifest.
1281 silly tarball no local data for picocolors@https://registry.npmjs.org/picocolors/-/picocolors-1.1.1.tgz. Extracting by manifest.
1282 silly tarball no local data for convert-source-map@https://registry.npmjs.org/convert-source-map/-/convert-source-map-2.0.0.tgz. Extracting by manifest.
1283 silly tarball no local data for debug@https://registry.npmjs.org/debug/-/debug-4.4.3.tgz. Extracting by manifest.
1284 silly tarball no local data for @babel/traverse@https://registry.npmjs.org/@babel/traverse/-/traverse-7.28.5.tgz. Extracting by manifest.
1285 silly tarball no local data for @jridgewell/remapping@https://registry.npmjs.org/@jridgewell/remapping/-/remapping-2.3.5.tgz. Extracting by manifest.
1286 silly tarball no local data for @babel/types@https://registry.npmjs.org/@babel/types/-/types-7.28.5.tgz. Extracting by manifest.
1287 silly tarball no local data for @babel/template@https://registry.npmjs.org/@babel/template/-/template-7.27.2.tgz. Extracting by manifest.
1288 silly tarball no local data for @babel/parser@https://registry.npmjs.org/@babel/parser/-/parser-7.28.5.tgz. Extracting by manifest.
1289 silly tarball no local data for @babel/helpers@https://registry.npmjs.org/@babel/helpers/-/helpers-7.28.4.tgz. Extracting by manifest.
1290 silly tarball no local data for @babel/helper-module-transforms@https://registry.npmjs.org/@babel/helper-module-transforms/-/helper-module-transforms-7.28.3.tgz. Extracting by manifest.
1291 silly tarball no local data for @babel/helper-compilation-targets@https://registry.npmjs.org/@babel/helper-compilation-targets/-/helper-compilation-targets-7.27.2.tgz. Extracting by manifest.
1292 silly tarball no local data for @babel/generator@https://registry.npmjs.org/@babel/generator/-/generator-7.28.5.tgz. Extracting by manifest.
1293 silly tarball no local data for @types/babel__core@https://registry.npmjs.org/@types/babel__core/-/babel__core-7.20.5.tgz. Extracting by manifest.
1294 silly tarball no local data for @babel/code-frame@https://registry.npmjs.org/@babel/code-frame/-/code-frame-7.27.1.tgz. Extracting by manifest.
1295 silly tarball no local data for @rolldown/pluginutils@https://registry.npmjs.org/@rolldown/pluginutils/-/pluginutils-1.0.0-beta.47.tgz. Extracting by manifest.
1296 silly tarball no local data for @babel/plugin-transform-react-jsx-self@https://registry.npmjs.org/@babel/plugin-transform-react-jsx-self/-/plugin-transform-react-jsx-self-7.27.1.tgz. Extracting by manifest.
1297 silly tarball no local data for typescript-eslint@https://registry.npmjs.org/typescript-eslint/-/typescript-eslint-8.48.1.tgz. Extracting by manifest.
1298 silly tarball no local data for @babel/core@https://registry.npmjs.org/@babel/core/-/core-7.28.5.tgz. Extracting by manifest.
1299 silly tarball no local data for undici-types@https://registry.npmjs.org/undici-types/-/undici-types-7.16.0.tgz. Extracting by manifest.
1300 silly tarball no local data for react-refresh@https://registry.npmjs.org/react-refresh/-/react-refresh-0.18.0.tgz. Extracting by manifest.
1301 silly tarball no local data for csstype@https://registry.npmjs.org/csstype/-/csstype-3.2.3.tgz. Extracting by manifest.
1302 silly tarball no local data for react@https://registry.npmjs.org/react/-/react-19.2.1.tgz. Extracting by manifest.
1303 silly tarball no local data for react-dom@https://registry.npmjs.org/react-dom/-/react-dom-19.2.1.tgz. Extracting by manifest.
1304 silly tarball no local data for typescript@https://registry.npmjs.org/typescript/-/typescript-5.9.3.tgz. Extracting by manifest.
1305 silly tarball no local data for globals@https://registry.npmjs.org/globals/-/globals-16.5.0.tgz. Extracting by manifest.
1306 silly tarball no local data for eslint-plugin-react-refresh@https://registry.npmjs.org/eslint-plugin-react-refresh/-/eslint-plugin-react-refresh-0.4.24.tgz. Extracting by manifest.
1307 silly tarball no local data for eslint-plugin-react-hooks@https://registry.npmjs.org/eslint-plugin-react-hooks/-/eslint-plugin-react-hooks-7.0.1.tgz. Extracting by manifest.
1308 silly tarball no local data for @babel/plugin-transform-react-jsx-source@https://registry.npmjs.org/@babel/plugin-transform-react-jsx-source/-/plugin-transform-react-jsx-source-7.27.1.tgz. Extracting by manifest.
1309 silly tarball no local data for eslint@https://registry.npmjs.org/eslint/-/eslint-9.39.1.tgz. Extracting by manifest.
1310 silly tarball no local data for vite@https://registry.npmjs.org/vite/-/vite-7.2.6.tgz. Extracting by manifest.
1311 silly tarball no local data for @types/react-dom@https://registry.npmjs.org/@types/react-dom/-/react-dom-19.2.3.tgz. Extracting by manifest.
1312 silly tarball no local data for @types/react@https://registry.npmjs.org/@types/react/-/react-19.2.7.tgz. Extracting by manifest.
1313 silly tarball no local data for @eslint/js@https://registry.npmjs.org/@eslint/js/-/js-9.39.1.tgz. Extracting by manifest.
1314 silly tarball no local data for brace-expansion@https://registry.npmjs.org/brace-expansion/-/brace-expansion-2.0.2.tgz. Extracting by manifest.
1315 silly tarball no local data for semver@https://registry.npmjs.org/semver/-/semver-7.7.3.tgz. Extracting by manifest.
1316 silly tarball no local data for @types/node@https://registry.npmjs.org/@types/node/-/node-24.10.1.tgz. Extracting by manifest.
1317 silly tarball no local data for minimatch@https://registry.npmjs.org/minimatch/-/minimatch-9.0.5.tgz. Extracting by manifest.
1318 silly tarball no local data for globals@https://registry.npmjs.org/globals/-/globals-14.0.0.tgz. Extracting by manifest.
1319 silly tarball no local data for @vitejs/plugin-react@https://registry.npmjs.org/@vitejs/plugin-react/-/plugin-react-5.1.1.tgz. Extracting by manifest.
1320 silly tarball no local data for ignore@https://registry.npmjs.org/ignore/-/ignore-7.0.5.tgz. Extracting by manifest.
1321 silly tarball no local data for eslint-visitor-keys@https://registry.npmjs.org/eslint-visitor-keys/-/eslint-visitor-keys-3.4.3.tgz. Extracting by manifest.
1322 http fetch GET 200 https://registry.npmjs.org/isexe/-/isexe-2.0.0.tgz 124ms (cache miss)
1323 timing reifyNode:node_modules/isexe Completed in 155ms
1324 http fetch GET 200 https://registry.npmjs.org/source-map-js/-/source-map-js-1.2.1.tgz 135ms (cache miss)
1325 timing reifyNode:node_modules/source-map-js Completed in 166ms
1326 http fetch GET 200 https://registry.npmjs.org/escalade/-/escalade-3.2.0.tgz 151ms (cache miss)
1327 http fetch GET 200 https://registry.npmjs.org/tinyglobby/-/tinyglobby-0.2.15.tgz 151ms (cache miss)
1328 http fetch GET 200 https://registry.npmjs.org/punycode/-/punycode-2.3.1.tgz 152ms (cache miss)
1329 timing reifyNode:node_modules/punycode Completed in 187ms
1330 timing reifyNode:node_modules/tinyglobby Completed in 187ms
1331 timing reifyNode:node_modules/escalade Completed in 188ms
1332 http fetch GET 200 https://registry.npmjs.org/@typescript-eslint/project-service/-/project-service-8.48.1.tgz 152ms (cache miss)
1333 http fetch GET 200 https://registry.npmjs.org/nanoid/-/nanoid-3.3.11.tgz 155ms (cache miss)
1334 http fetch GET 200 https://registry.npmjs.org/esbuild/-/esbuild-0.25.12.tgz 154ms (cache miss)
1335 timing reifyNode:node_modules/@typescript-eslint/project-service Completed in 189ms
1336 timing reifyNode:node_modules/nanoid Completed in 189ms
1337 http fetch GET 200 https://registry.npmjs.org/picomatch/-/picomatch-4.0.3.tgz 154ms (cache miss)
1338 http fetch GET 200 https://registry.npmjs.org/fsevents/-/fsevents-2.3.3.tgz 155ms (cache miss)
1339 timing reifyNode:node_modules/esbuild Completed in 190ms
1340 timing reifyNode:node_modules/fsevents Completed in 190ms
1341 timing reifyNode:node_modules/picomatch Completed in 190ms
1342 http fetch GET 200 https://registry.npmjs.org/postcss/-/postcss-8.5.6.tgz 164ms (cache miss)
1343 timing reifyNode:node_modules/postcss Completed in 198ms
1344 http fetch GET 200 https://registry.npmjs.org/@typescript-eslint/tsconfig-utils/-/tsconfig-utils-8.48.1.tgz 183ms (cache miss)
1345 timing reifyNode:node_modules/@typescript-eslint/tsconfig-utils Completed in 219ms
1346 http fetch GET 200 https://registry.npmjs.org/rollup/-/rollup-4.53.3.tgz 187ms (cache miss)
1347 http fetch GET 200 https://registry.npmjs.org/has-flag/-/has-flag-4.0.0.tgz 180ms (cache miss)
1348 timing reifyNode:node_modules/has-flag Completed in 219ms
1349 timing reifyNode:node_modules/rollup Completed in 221ms
1350 http fetch GET 200 https://registry.npmjs.org/ts-api-utils/-/ts-api-utils-2.1.0.tgz 187ms (cache miss)
1351 timing reifyNode:node_modules/ts-api-utils Completed in 225ms
1352 http fetch GET 200 https://registry.npmjs.org/scheduler/-/scheduler-0.27.0.tgz 184ms (cache miss)
1353 timing reifyNode:node_modules/scheduler Completed in 225ms
1354 http fetch GET 200 https://registry.npmjs.org/@rollup/rollup-darwin-arm64/-/rollup-darwin-arm64-4.53.3.tgz 201ms (cache miss)
1355 timing reifyNode:node_modules/@rollup/rollup-darwin-arm64 Completed in 231ms
1356 http fetch GET 200 https://registry.npmjs.org/graphemer/-/graphemer-1.4.0.tgz 193ms (cache miss)
1357 timing reifyNode:node_modules/graphemer Completed in 230ms
1358 http fetch POST 200 https://registry.npmjs.org/-/npm/v1/security/advisories/bulk 234ms
1359 timing auditReport:getReport Completed in 236ms
1360 silly audit report {}
1361 timing auditReport:init Completed in 0ms
1362 timing reify:audit Completed in 236ms
1363 http fetch GET 200 https://registry.npmjs.org/@typescript-eslint/visitor-keys/-/visitor-keys-8.48.1.tgz 199ms (cache miss)
1364 timing reifyNode:node_modules/@typescript-eslint/visitor-keys Completed in 238ms
1365 http fetch GET 200 https://registry.npmjs.org/fdir/-/fdir-6.5.0.tgz 204ms (cache miss)
1366 http fetch GET 200 https://registry.npmjs.org/@typescript-eslint/types/-/types-8.48.1.tgz 212ms (cache miss)
1367 http fetch GET 200 https://registry.npmjs.org/callsites/-/callsites-3.1.0.tgz 206ms (cache miss)
1368 timing reifyNode:node_modules/callsites Completed in 248ms
1369 timing reifyNode:node_modules/fdir Completed in 250ms
1370 http fetch GET 200 https://registry.npmjs.org/yocto-queue/-/yocto-queue-0.1.0.tgz 206ms (cache miss)
1371 timing reifyNode:node_modules/yocto-queue Completed in 249ms
1372 timing reifyNode:node_modules/@typescript-eslint/types Completed in 252ms
1373 http fetch GET 200 https://registry.npmjs.org/@typescript-eslint/typescript-estree/-/typescript-estree-8.48.1.tgz 233ms (cache miss)
1374 timing reifyNode:node_modules/@typescript-eslint/typescript-estree Completed in 272ms
1375 http fetch GET 200 https://registry.npmjs.org/shebang-regex/-/shebang-regex-3.0.0.tgz 230ms (cache miss)
1376 timing reifyNode:node_modules/shebang-regex Completed in 273ms
1377 http fetch GET 200 https://registry.npmjs.org/word-wrap/-/word-wrap-1.2.5.tgz 231ms (cache miss)
1378 timing reifyNode:node_modules/word-wrap Completed in 274ms
1379 http fetch GET 200 https://registry.npmjs.org/yallist/-/yallist-3.1.1.tgz 247ms (cache miss)
1380 timing reifyNode:node_modules/yallist Completed in 293ms
1381 http fetch GET 200 https://registry.npmjs.org/fast-levenshtein/-/fast-levenshtein-2.0.6.tgz 250ms (cache miss)
1382 timing reifyNode:node_modules/fast-levenshtein Completed in 294ms
1383 http fetch GET 200 https://registry.npmjs.org/concat-map/-/concat-map-0.0.1.tgz 250ms (cache miss)
1384 timing reifyNode:node_modules/concat-map Completed in 294ms
1385 http fetch GET 200 https://registry.npmjs.org/p-locate/-/p-locate-5.0.0.tgz 248ms (cache miss)
1386 timing reifyNode:node_modules/p-locate Completed in 294ms
1387 http fetch GET 200 https://registry.npmjs.org/balanced-match/-/balanced-match-1.0.2.tgz 249ms (cache miss)
1388 timing reifyNode:node_modules/balanced-match Completed in 295ms
1389 http fetch GET 200 https://registry.npmjs.org/json-buffer/-/json-buffer-3.0.1.tgz 247ms (cache miss)
1390 timing reifyNode:node_modules/json-buffer Completed in 295ms
1391 http fetch GET 200 https://registry.npmjs.org/brace-expansion/-/brace-expansion-1.1.12.tgz 250ms (cache miss)
1392 timing reifyNode:node_modules/brace-expansion Completed in 295ms
1393 http fetch GET 200 https://registry.npmjs.org/deep-is/-/deep-is-0.1.4.tgz 250ms (cache miss)
1394 timing reifyNode:node_modules/deep-is Completed in 296ms
1395 http fetch GET 200 https://registry.npmjs.org/is-extglob/-/is-extglob-2.1.1.tgz 249ms (cache miss)
1396 timing reifyNode:node_modules/is-extglob Completed in 298ms
1397 http fetch GET 200 https://registry.npmjs.org/type-check/-/type-check-0.4.0.tgz 252ms (cache miss)
1398 timing reifyNode:node_modules/type-check Completed in 300ms
1399 http fetch GET 200 https://registry.npmjs.org/argparse/-/argparse-2.0.1.tgz 252ms (cache miss)
1400 timing reifyNode:node_modules/argparse Completed in 301ms
1401 http fetch GET 200 https://registry.npmjs.org/@typescript-eslint/type-utils/-/type-utils-8.48.1.tgz 265ms (cache miss)
1402 timing reifyNode:node_modules/@typescript-eslint/type-utils Completed in 304ms
1403 http fetch GET 200 https://registry.npmjs.org/@typescript-eslint/utils/-/utils-8.48.1.tgz 277ms (cache miss)
1404 http fetch GET 200 https://registry.npmjs.org/p-limit/-/p-limit-3.1.0.tgz 267ms (cache miss)
1405 timing reifyNode:node_modules/p-limit Completed in 317ms
1406 timing reifyNode:node_modules/@typescript-eslint/utils Completed in 318ms
1407 http fetch GET 200 https://registry.npmjs.org/path-exists/-/path-exists-4.0.0.tgz 276ms (cache miss)
1408 timing reifyNode:node_modules/path-exists Completed in 327ms
1409 http fetch GET 200 https://registry.npmjs.org/keyv/-/keyv-4.5.4.tgz 276ms (cache miss)
1410 timing reifyNode:node_modules/keyv Completed in 328ms
1411 http fetch GET 200 https://registry.npmjs.org/parent-module/-/parent-module-1.0.1.tgz 279ms (cache miss)
1412 timing reifyNode:node_modules/parent-module Completed in 329ms
1413 http fetch GET 200 https://registry.npmjs.org/resolve-from/-/resolve-from-4.0.0.tgz 280ms (cache miss)
1414 timing reifyNode:node_modules/resolve-from Completed in 329ms
1415 http fetch GET 200 https://registry.npmjs.org/flatted/-/flatted-3.3.3.tgz 280ms (cache miss)
1416 http fetch GET 200 https://registry.npmjs.org/flat-cache/-/flat-cache-4.0.1.tgz 280ms (cache miss)
1417 http fetch GET 200 https://registry.npmjs.org/prelude-ls/-/prelude-ls-1.2.1.tgz 281ms (cache miss)
1418 timing reifyNode:node_modules/flat-cache Completed in 333ms
1419 http fetch GET 200 https://registry.npmjs.org/esrecurse/-/esrecurse-4.3.0.tgz 282ms (cache miss)
1420 timing reifyNode:node_modules/esrecurse Completed in 335ms
1421 http fetch GET 200 https://registry.npmjs.org/estraverse/-/estraverse-5.3.0.tgz 283ms (cache miss)
1422 timing reifyNode:node_modules/estraverse Completed in 336ms
1423 http fetch GET 200 https://registry.npmjs.org/@typescript-eslint/parser/-/parser-8.48.1.tgz 300ms (cache miss)
1424 timing reifyNode:node_modules/@typescript-eslint/parser Completed in 339ms
1425 timing reifyNode:node_modules/prelude-ls Completed in 339ms
1426 http fetch GET 200 https://registry.npmjs.org/acorn-jsx/-/acorn-jsx-5.3.2.tgz 286ms (cache miss)
1427 timing reifyNode:node_modules/acorn-jsx Completed in 339ms
1428 http fetch GET 200 https://registry.npmjs.org/locate-path/-/locate-path-6.0.0.tgz 287ms (cache miss)
1429 timing reifyNode:node_modules/locate-path Completed in 340ms
1430 timing reifyNode:node_modules/flatted Completed in 340ms
1431 http fetch GET 200 https://registry.npmjs.org/which/-/which-2.0.2.tgz 292ms (cache miss)
1432 timing reifyNode:node_modules/which Completed in 348ms
1433 http fetch GET 200 https://registry.npmjs.org/hermes-estree/-/hermes-estree-0.25.1.tgz 300ms (cache miss)
1434 timing reifyNode:node_modules/hermes-estree Completed in 350ms
1435 http fetch GET 200 https://registry.npmjs.org/zod-validation-error/-/zod-validation-error-4.0.2.tgz 305ms (cache miss)
1436 http fetch GET 200 https://registry.npmjs.org/ansi-styles/-/ansi-styles-4.3.0.tgz 302ms (cache miss)
1437 timing reifyNode:node_modules/ansi-styles Completed in 359ms
1438 timing reifyNode:node_modules/zod-validation-error Completed in 360ms
1439 http fetch GET 200 https://registry.npmjs.org/shebang-command/-/shebang-command-2.0.0.tgz 306ms (cache miss)
1440 timing reifyNode:node_modules/shebang-command Completed in 361ms
1441 http fetch GET 200 https://registry.npmjs.org/acorn/-/acorn-8.15.0.tgz 311ms (cache miss)
1442 timing reifyNode:node_modules/acorn Completed in 365ms
1443 http fetch GET 200 https://registry.npmjs.org/color-name/-/color-name-1.1.4.tgz 336ms (cache miss)
1444 timing reifyNode:node_modules/color-name Completed in 393ms
1445 http fetch GET 200 https://registry.npmjs.org/json-schema-traverse/-/json-schema-traverse-0.4.1.tgz 336ms (cache miss)
1446 timing reifyNode:node_modules/json-schema-traverse Completed in 394ms
1447 http fetch GET 200 https://registry.npmjs.org/supports-color/-/supports-color-7.2.0.tgz 341ms (cache miss)
1448 timing reifyNode:node_modules/supports-color Completed in 398ms
1449 http fetch GET 200 https://registry.npmjs.org/fast-json-stable-stringify/-/fast-json-stable-stringify-2.1.0.tgz 357ms (cache miss)
1450 http fetch GET 200 https://registry.npmjs.org/@types/json-schema/-/json-schema-7.0.15.tgz 357ms (cache miss)
1451 timing reifyNode:node_modules/@types/json-schema Completed in 417ms
1452 http fetch GET 200 https://registry.npmjs.org/levn/-/levn-0.4.1.tgz 359ms (cache miss)
1453 http fetch GET 200 https://registry.npmjs.org/path-key/-/path-key-3.1.1.tgz 363ms (cache miss)
1454 timing reifyNode:node_modules/path-key Completed in 419ms
1455 timing reifyNode:node_modules/levn Completed in 420ms
1456 http fetch GET 200 https://registry.npmjs.org/import-fresh/-/import-fresh-3.3.1.tgz 360ms (cache miss)
1457 timing reifyNode:node_modules/import-fresh Completed in 421ms
1458 http fetch GET 200 https://registry.npmjs.org/strip-json-comments/-/strip-json-comments-3.1.1.tgz 362ms (cache miss)
1459 timing reifyNode:node_modules/strip-json-comments Completed in 423ms
1460 timing reifyNode:node_modules/fast-json-stable-stringify Completed in 426ms
1461 http fetch GET 200 https://registry.npmjs.org/@humanfs/core/-/core-0.19.1.tgz 369ms (cache miss)
1462 http fetch GET 200 https://registry.npmjs.org/optionator/-/optionator-0.9.4.tgz 362ms (cache miss)
1463 timing reifyNode:node_modules/@humanfs/core Completed in 429ms
1464 timing reifyNode:node_modules/optionator Completed in 429ms
1465 http fetch GET 200 https://registry.npmjs.org/minimatch/-/minimatch-3.1.2.tgz 377ms (cache miss)
1466 timing reifyNode:node_modules/minimatch Completed in 444ms
1467 http fetch GET 200 https://registry.npmjs.org/is-glob/-/is-glob-4.0.3.tgz 392ms (cache miss)
1468 timing reifyNode:node_modules/is-glob Completed in 461ms
1469 http fetch GET 200 https://registry.npmjs.org/lodash.merge/-/lodash.merge-4.6.2.tgz 394ms (cache miss)
1470 timing reifyNode:node_modules/lodash.merge Completed in 462ms
1471 http fetch GET 200 https://registry.npmjs.org/@eslint/object-schema/-/object-schema-2.1.7.tgz 396ms (cache miss)
1472 http fetch GET 200 https://registry.npmjs.org/find-up/-/find-up-5.0.0.tgz 392ms (cache miss)
1473 timing reifyNode:node_modules/find-up Completed in 463ms
1474 http fetch GET 200 https://registry.npmjs.org/json-stable-stringify-without-jsonify/-/json-stable-stringify-without-jsonify-1.0.1.tgz 395ms (cache miss)
1475 http fetch GET 200 https://registry.npmjs.org/glob-parent/-/glob-parent-6.0.2.tgz 394ms (cache miss)
1476 timing reifyNode:node_modules/glob-parent Completed in 463ms
1477 http fetch GET 200 https://registry.npmjs.org/natural-compare/-/natural-compare-1.4.0.tgz 396ms (cache miss)
1478 timing reifyNode:node_modules/natural-compare Completed in 463ms
1479 http fetch GET 200 https://registry.npmjs.org/ignore/-/ignore-5.3.2.tgz 394ms (cache miss)
1480 http fetch GET 200 https://registry.npmjs.org/file-entry-cache/-/file-entry-cache-8.0.0.tgz 394ms (cache miss)
1481 timing reifyNode:node_modules/file-entry-cache Completed in 464ms
1482 timing reifyNode:node_modules/ignore Completed in 465ms
1483 http fetch GET 200 https://registry.npmjs.org/imurmurhash/-/imurmurhash-0.1.4.tgz 397ms (cache miss)
1484 timing reifyNode:node_modules/imurmurhash Completed in 466ms
1485 http fetch GET 200 https://registry.npmjs.org/uri-js/-/uri-js-4.4.1.tgz 408ms (cache miss)
1486 http fetch GET 200 https://registry.npmjs.org/fast-deep-equal/-/fast-deep-equal-3.1.3.tgz 396ms (cache miss)
1487 timing reifyNode:node_modules/uri-js Completed in 469ms
1488 http fetch GET 200 https://registry.npmjs.org/js-yaml/-/js-yaml-4.1.1.tgz 409ms (cache miss)
1489 timing reifyNode:node_modules/js-yaml Completed in 470ms
1490 http fetch GET 200 https://registry.npmjs.org/esutils/-/esutils-2.0.3.tgz 401ms (cache miss)
1491 timing reifyNode:node_modules/@eslint/object-schema Completed in 474ms
1492 timing reifyNode:node_modules/fast-deep-equal Completed in 474ms
1493 timing reifyNode:node_modules/json-stable-stringify-without-jsonify Completed in 474ms
1494 timing reifyNode:node_modules/esutils Completed in 475ms
1495 http fetch GET 200 https://registry.npmjs.org/hermes-parser/-/hermes-parser-0.25.1.tgz 419ms (cache miss)
1496 http fetch GET 200 https://registry.npmjs.org/@typescript-eslint/scope-manager/-/scope-manager-8.48.1.tgz 439ms (cache miss)
1497 timing reifyNode:node_modules/@typescript-eslint/scope-manager Completed in 477ms
1498 timing reifyNode:node_modules/hermes-parser Completed in 476ms
1499 http fetch GET 200 https://registry.npmjs.org/espree/-/espree-10.4.0.tgz 415ms (cache miss)
1500 timing reifyNode:node_modules/espree Completed in 488ms
1501 http fetch GET 200 https://registry.npmjs.org/escape-string-regexp/-/escape-string-regexp-4.0.0.tgz 415ms (cache miss)
1502 timing reifyNode:node_modules/escape-string-regexp Completed in 488ms
1503 http fetch GET 200 https://registry.npmjs.org/eslint-visitor-keys/-/eslint-visitor-keys-4.2.1.tgz 419ms (cache miss)
1504 timing reifyNode:node_modules/eslint-visitor-keys Completed in 492ms
1505 http fetch GET 200 https://registry.npmjs.org/cross-spawn/-/cross-spawn-7.0.6.tgz 421ms (cache miss)
1506 timing reifyNode:node_modules/cross-spawn Completed in 498ms
1507 http fetch GET 200 https://registry.npmjs.org/color-convert/-/color-convert-2.0.1.tgz 430ms (cache miss)
1508 http fetch GET 200 https://registry.npmjs.org/chalk/-/chalk-4.1.2.tgz 431ms (cache miss)
1509 http fetch GET 200 https://registry.npmjs.org/eslint-scope/-/eslint-scope-8.4.0.tgz 435ms (cache miss)
1510 timing reifyNode:node_modules/color-convert Completed in 508ms
1511 http fetch GET 200 https://registry.npmjs.org/@types/estree/-/estree-1.0.8.tgz 432ms (cache miss)
1512 timing reifyNode:node_modules/@types/estree Completed in 509ms
1513 timing reifyNode:node_modules/eslint-scope Completed in 511ms
1514 timing reifyNode:node_modules/chalk Completed in 511ms
1515 http fetch GET 200 https://registry.npmjs.org/@humanwhocodes/module-importer/-/module-importer-1.0.1.tgz 435ms (cache miss)
1516 timing reifyNode:node_modules/@humanwhocodes/module-importer Completed in 514ms
1517 http fetch GET 200 https://registry.npmjs.org/@humanwhocodes/retry/-/retry-0.4.3.tgz 437ms (cache miss)
1518 http fetch GET 200 https://registry.npmjs.org/@eslint/config-helpers/-/config-helpers-0.4.2.tgz 437ms (cache miss)
1519 timing reifyNode:node_modules/@humanwhocodes/retry Completed in 519ms
1520 http fetch GET 200 https://registry.npmjs.org/@eslint/core/-/core-0.17.0.tgz 440ms (cache miss)
1521 timing reifyNode:node_modules/@eslint/core Completed in 519ms
1522 timing reifyNode:node_modules/@eslint/config-helpers Completed in 521ms
1523 http fetch GET 200 https://registry.npmjs.org/esquery/-/esquery-1.6.0.tgz 454ms (cache miss)
1524 timing reifyNode:node_modules/esquery Completed in 526ms
1525 http fetch GET 200 https://registry.npmjs.org/ms/-/ms-2.1.3.tgz 447ms (cache miss)
1526 timing reifyNode:node_modules/ms Completed in 527ms
1527 http fetch GET 200 https://registry.npmjs.org/@humanfs/node/-/node-0.16.7.tgz 459ms (cache miss)
1528 http fetch GET 200 https://registry.npmjs.org/@eslint/plugin-kit/-/plugin-kit-0.4.1.tgz 464ms (cache miss)
1529 http fetch GET 200 https://registry.npmjs.org/update-browserslist-db/-/update-browserslist-db-1.2.2.tgz 466ms (cache miss)
1530 timing reifyNode:node_modules/update-browserslist-db Completed in 548ms
1531 timing reifyNode:node_modules/@eslint/plugin-kit Completed in 548ms
1532 timing reifyNode:node_modules/@humanfs/node Completed in 555ms
1533 http fetch GET 200 https://registry.npmjs.org/node-releases/-/node-releases-2.0.27.tgz 502ms (cache miss)
1534 http fetch GET 200 https://registry.npmjs.org/electron-to-chromium/-/electron-to-chromium-1.5.266.tgz 504ms (cache miss)
1535 http fetch GET 200 https://registry.npmjs.org/lru-cache/-/lru-cache-5.1.1.tgz 505ms (cache miss)
1536 timing reifyNode:node_modules/lru-cache Completed in 592ms
1537 http fetch GET 200 https://registry.npmjs.org/@types/babel__template/-/babel__template-7.4.4.tgz 509ms (cache miss)
1538 timing reifyNode:node_modules/@types/babel__template Completed in 593ms
1539 http fetch GET 200 https://registry.npmjs.org/@babel/helper-plugin-utils/-/helper-plugin-utils-7.27.1.tgz 509ms (cache miss)
1540 timing reifyNode:node_modules/@babel/helper-plugin-utils Completed in 595ms
1541 timing reifyNode:node_modules/node-releases Completed in 595ms
1542 timing reifyNode:node_modules/electron-to-chromium Completed in 595ms
1543 http fetch GET 200 https://registry.npmjs.org/@types/babel__generator/-/babel__generator-7.27.0.tgz 511ms (cache miss)
1544 timing reifyNode:node_modules/@types/babel__generator Completed in 596ms
1545 http fetch GET 200 https://registry.npmjs.org/@jridgewell/resolve-uri/-/resolve-uri-3.1.2.tgz 519ms (cache miss)
1546 http fetch GET 200 https://registry.npmjs.org/@babel/helper-globals/-/helper-globals-7.28.0.tgz 519ms (cache miss)
1547 timing reifyNode:node_modules/@babel/helper-globals Completed in 606ms
1548 http fetch GET 200 https://registry.npmjs.org/@babel/helper-string-parser/-/helper-string-parser-7.27.1.tgz 518ms (cache miss)
1549 timing reifyNode:node_modules/@babel/helper-string-parser Completed in 606ms
1550 http fetch GET 200 https://registry.npmjs.org/@babel/helper-validator-option/-/helper-validator-option-7.27.1.tgz 520ms (cache miss)
1551 timing reifyNode:node_modules/@babel/helper-validator-option Completed in 609ms
1552 timing reifyNode:node_modules/@jridgewell/resolve-uri Completed in 609ms
1553 http fetch GET 200 https://registry.npmjs.org/@eslint-community/regexpp/-/regexpp-4.12.2.tgz 534ms (cache miss)
1554 timing reifyNode:node_modules/@eslint-community/regexpp Completed in 612ms
1555 http fetch GET 200 https://registry.npmjs.org/@babel/helper-module-imports/-/helper-module-imports-7.27.1.tgz 526ms (cache miss)
1556 http fetch GET 200 https://registry.npmjs.org/jsesc/-/jsesc-3.1.0.tgz 528ms (cache miss)
1557 timing reifyNode:node_modules/jsesc Completed in 617ms
1558 http fetch GET 200 https://registry.npmjs.org/@types/babel__traverse/-/babel__traverse-7.28.0.tgz 532ms (cache miss)
1559 timing reifyNode:node_modules/@babel/helper-module-imports Completed in 618ms
1560 http fetch GET 200 https://registry.npmjs.org/baseline-browser-mapping/-/baseline-browser-mapping-2.9.3.tgz 535ms (cache miss)
1561 timing reifyNode:node_modules/@types/babel__traverse Completed in 623ms
1562 http fetch GET 200 https://registry.npmjs.org/js-tokens/-/js-tokens-4.0.0.tgz 537ms (cache miss)
1563 timing reifyNode:node_modules/js-tokens Completed in 629ms
1564 timing reifyNode:node_modules/baseline-browser-mapping Completed in 629ms
1565 http fetch GET 200 https://registry.npmjs.org/@eslint-community/eslint-utils/-/eslint-utils-4.9.0.tgz 550ms (cache miss)
1566 http fetch GET 200 https://registry.npmjs.org/@eslint/config-array/-/config-array-0.21.1.tgz 551ms (cache miss)
1567 timing reifyNode:node_modules/@eslint-community/eslint-utils Completed in 638ms
1568 timing reifyNode:node_modules/@eslint/config-array Completed in 638ms
1569 http fetch GET 200 https://registry.npmjs.org/browserslist/-/browserslist-4.28.1.tgz 556ms (cache miss)
1570 http fetch GET 200 https://registry.npmjs.org/@babel/compat-data/-/compat-data-7.28.5.tgz 563ms (cache miss)
1571 timing reifyNode:node_modules/browserslist Completed in 655ms
1572 http fetch GET 200 https://registry.npmjs.org/picocolors/-/picocolors-1.1.1.tgz 562ms (cache miss)
1573 timing reifyNode:node_modules/picocolors Completed in 656ms
1574 http fetch GET 200 https://registry.npmjs.org/debug/-/debug-4.4.3.tgz 562ms (cache miss)
1575 timing reifyNode:node_modules/@babel/compat-data Completed in 660ms
1576 http fetch GET 200 https://registry.npmjs.org/gensync/-/gensync-1.0.0-beta.2.tgz 566ms (cache miss)
1577 http fetch GET 200 https://registry.npmjs.org/@babel/helper-validator-identifier/-/helper-validator-identifier-7.28.5.tgz 570ms (cache miss)
1578 timing reifyNode:node_modules/debug Completed in 663ms
1579 http fetch GET 200 https://registry.npmjs.org/convert-source-map/-/convert-source-map-2.0.0.tgz 570ms (cache miss)
1580 timing reifyNode:node_modules/convert-source-map Completed in 664ms
1581 http fetch GET 200 https://registry.npmjs.org/semver/-/semver-6.3.1.tgz 571ms (cache miss)
1582 timing reifyNode:node_modules/gensync Completed in 664ms
1583 timing reifyNode:node_modules/@babel/helper-validator-identifier Completed in 665ms
1584 timing reifyNode:node_modules/semver Completed in 666ms
1585 http fetch GET 200 https://registry.npmjs.org/@eslint/eslintrc/-/eslintrc-3.3.3.tgz 594ms (cache miss)
1586 timing reifyNode:node_modules/@eslint/eslintrc Completed in 675ms
1587 http fetch GET 200 https://registry.npmjs.org/@jridgewell/sourcemap-codec/-/sourcemap-codec-1.5.5.tgz 597ms (cache miss)
1588 timing reifyNode:node_modules/@jridgewell/sourcemap-codec Completed in 688ms
1589 http fetch GET 200 https://registry.npmjs.org/@babel/template/-/template-7.27.2.tgz 594ms (cache miss)
1590 timing reifyNode:node_modules/@babel/template Completed in 690ms
1591 http fetch GET 200 https://registry.npmjs.org/json5/-/json5-2.2.3.tgz 598ms (cache miss)
1592 timing reifyNode:node_modules/json5 Completed in 693ms
1593 http fetch GET 200 https://registry.npmjs.org/@jridgewell/gen-mapping/-/gen-mapping-0.3.13.tgz 603ms (cache miss)
1594 timing reifyNode:node_modules/@jridgewell/gen-mapping Completed in 698ms
1595 http fetch GET 200 https://registry.npmjs.org/@types/babel__core/-/babel__core-7.20.5.tgz 602ms (cache miss)
1596 timing reifyNode:node_modules/@types/babel__core Completed in 702ms
1597 http fetch GET 200 https://registry.npmjs.org/@babel/helper-module-transforms/-/helper-module-transforms-7.28.3.tgz 613ms (cache miss)
1598 timing reifyNode:node_modules/@babel/helper-module-transforms Completed in 713ms
1599 http fetch GET 200 https://registry.npmjs.org/@babel/plugin-transform-react-jsx-self/-/plugin-transform-react-jsx-self-7.27.1.tgz 624ms (cache miss)
1600 timing reifyNode:node_modules/@babel/plugin-transform-react-jsx-self Completed in 726ms
1601 http fetch GET 200 https://registry.npmjs.org/@jridgewell/remapping/-/remapping-2.3.5.tgz 633ms (cache miss)
1602 timing reifyNode:node_modules/@jridgewell/remapping Completed in 728ms
1603 http fetch GET 200 https://registry.npmjs.org/typescript-eslint/-/typescript-eslint-8.48.1.tgz 627ms (cache miss)
1604 http fetch GET 200 https://registry.npmjs.org/@jridgewell/trace-mapping/-/trace-mapping-0.3.31.tgz 642ms (cache miss)
1605 timing reifyNode:node_modules/@jridgewell/trace-mapping Completed in 734ms
1606 http fetch GET 200 https://registry.npmjs.org/@babel/code-frame/-/code-frame-7.27.1.tgz 636ms (cache miss)
1607 timing reifyNode:node_modules/@babel/code-frame Completed in 736ms
1608 timing reifyNode:node_modules/typescript-eslint Completed in 740ms
1609 http fetch GET 200 https://registry.npmjs.org/@rolldown/pluginutils/-/pluginutils-1.0.0-beta.47.tgz 639ms (cache miss)
1610 http fetch GET 200 https://registry.npmjs.org/ajv/-/ajv-6.12.6.tgz 666ms (cache miss)
1611 timing reifyNode:node_modules/ajv Completed in 746ms
1612 timing reifyNode:node_modules/@rolldown/pluginutils Completed in 751ms
1613 http fetch GET 200 https://registry.npmjs.org/react-refresh/-/react-refresh-0.18.0.tgz 650ms (cache miss)
1614 timing reifyNode:node_modules/react-refresh Completed in 757ms
1615 http fetch GET 200 https://registry.npmjs.org/@babel/helper-compilation-targets/-/helper-compilation-targets-7.27.2.tgz 662ms (cache miss)
1616 timing reifyNode:node_modules/@babel/helper-compilation-targets Completed in 761ms
1617 http fetch GET 200 https://registry.npmjs.org/eslint-plugin-react-refresh/-/eslint-plugin-react-refresh-0.4.24.tgz 674ms (cache miss)
1618 timing reifyNode:node_modules/eslint-plugin-react-refresh Completed in 779ms
1619 http fetch GET 200 https://registry.npmjs.org/undici-types/-/undici-types-7.16.0.tgz 684ms (cache miss)
1620 timing reifyNode:node_modules/undici-types Completed in 788ms
1621 http fetch GET 200 https://registry.npmjs.org/react/-/react-19.2.1.tgz 697ms (cache miss)
1622 timing reifyNode:node_modules/react Completed in 802ms
1623 http fetch GET 200 https://registry.npmjs.org/@babel/generator/-/generator-7.28.5.tgz 708ms (cache miss)
1624 timing reifyNode:node_modules/@babel/generator Completed in 811ms
1625 http fetch GET 200 https://registry.npmjs.org/@babel/traverse/-/traverse-7.28.5.tgz 720ms (cache miss)
1626 http fetch GET 200 https://registry.npmjs.org/csstype/-/csstype-3.2.3.tgz 712ms (cache miss)
1627 timing reifyNode:node_modules/@babel/traverse Completed in 817ms
1628 timing reifyNode:node_modules/csstype Completed in 816ms
1629 http fetch GET 200 https://registry.npmjs.org/@babel/plugin-transform-react-jsx-source/-/plugin-transform-react-jsx-source-7.27.1.tgz 717ms (cache miss)
1630 timing reifyNode:node_modules/@babel/plugin-transform-react-jsx-source Completed in 822ms
1631 http fetch GET 200 https://registry.npmjs.org/globals/-/globals-16.5.0.tgz 722ms (cache miss)
1632 timing reifyNode:node_modules/globals Completed in 826ms
1633 http fetch GET 200 https://registry.npmjs.org/@types/react-dom/-/react-dom-19.2.3.tgz 722ms (cache miss)
1634 http fetch GET 200 https://registry.npmjs.org/@babel/parser/-/parser-7.28.5.tgz 736ms (cache miss)
1635 timing reifyNode:node_modules/@babel/parser Completed in 835ms
1636 http fetch GET 200 https://registry.npmjs.org/brace-expansion/-/brace-expansion-2.0.2.tgz 726ms (cache miss)
1637 timing reifyNode:node_modules/@typescript-eslint/typescript-estree/node_modules/brace-expansion Completed in 839ms
1638 http fetch GET 200 https://registry.npmjs.org/@eslint/js/-/js-9.39.1.tgz 729ms (cache miss)
1639 timing reifyNode:node_modules/@eslint/js Completed in 840ms
1640 timing reifyNode:node_modules/@types/react-dom Completed in 842ms
1641 http fetch GET 200 https://registry.npmjs.org/@typescript-eslint/eslint-plugin/-/eslint-plugin-8.48.1.tgz 816ms (cache miss)
1642 timing reifyNode:node_modules/@typescript-eslint/eslint-plugin Completed in 859ms
1643 http fetch GET 200 https://registry.npmjs.org/@types/react/-/react-19.2.7.tgz 752ms (cache miss)
1644 timing reifyNode:node_modules/@types/react Completed in 861ms
1645 http fetch GET 200 https://registry.npmjs.org/semver/-/semver-7.7.3.tgz 765ms (cache miss)
1646 timing reifyNode:node_modules/@typescript-eslint/typescript-estree/node_modules/semver Completed in 879ms
1647 http fetch GET 200 https://registry.npmjs.org/globals/-/globals-14.0.0.tgz 802ms (cache miss)
1648 http fetch GET 200 https://registry.npmjs.org/eslint-visitor-keys/-/eslint-visitor-keys-3.4.3.tgz 800ms (cache miss)
1649 timing reifyNode:node_modules/@eslint/eslintrc/node_modules/globals Completed in 916ms
1650 http fetch GET 200 https://registry.npmjs.org/@vitejs/plugin-react/-/plugin-react-5.1.1.tgz 804ms (cache miss)
1651 http fetch GET 200 https://registry.npmjs.org/ignore/-/ignore-7.0.5.tgz 804ms (cache miss)
1652 timing reifyNode:node_modules/@typescript-eslint/eslint-plugin/node_modules/ignore Completed in 920ms
1653 timing reifyNode:node_modules/@eslint-community/eslint-utils/node_modules/eslint-visitor-keys Completed in 918ms
1654 timing reifyNode:node_modules/@vitejs/plugin-react Completed in 918ms
1655 http fetch GET 200 https://registry.npmjs.org/@babel/core/-/core-7.28.5.tgz 826ms (cache miss)
1656 timing reifyNode:node_modules/@babel/core Completed in 930ms
1657 http fetch GET 200 https://registry.npmjs.org/minimatch/-/minimatch-9.0.5.tgz 827ms (cache miss)
1658 timing reifyNode:node_modules/@typescript-eslint/typescript-estree/node_modules/minimatch Completed in 942ms
1659 http fetch GET 200 https://registry.npmjs.org/vite/-/vite-7.2.6.tgz 844ms (cache miss)
1660 timing reifyNode:node_modules/vite Completed in 952ms
1661 http fetch GET 200 https://registry.npmjs.org/@babel/helpers/-/helpers-7.28.4.tgz 872ms (cache miss)
1662 timing reifyNode:node_modules/@babel/helpers Completed in 969ms
1663 http fetch GET 200 https://registry.npmjs.org/@babel/types/-/types-7.28.5.tgz 900ms (cache miss)
1664 timing reifyNode:node_modules/@babel/types Completed in 998ms
1665 http fetch GET 200 https://registry.npmjs.org/eslint-plugin-react-hooks/-/eslint-plugin-react-hooks-7.0.1.tgz 919ms (cache miss)
1666 http fetch GET 200 https://registry.npmjs.org/@types/node/-/node-24.10.1.tgz 916ms (cache miss)
1667 timing reifyNode:node_modules/eslint-plugin-react-hooks Completed in 1026ms
1668 timing reifyNode:node_modules/@types/node Completed in 1028ms
1669 http fetch GET 200 https://registry.npmjs.org/react-dom/-/react-dom-19.2.1.tgz 1013ms (cache miss)
1670 timing reifyNode:node_modules/react-dom Completed in 1117ms
1671 http fetch GET 200 https://registry.npmjs.org/zod/-/zod-4.1.13.tgz 1094ms (cache miss)
1672 timing reifyNode:node_modules/zod Completed in 1147ms
1673 http fetch GET 200 https://registry.npmjs.org/eslint/-/eslint-9.39.1.tgz 1069ms (cache miss)
1674 timing reifyNode:node_modules/eslint Completed in 1176ms
1675 http fetch GET 200 https://registry.npmjs.org/@esbuild/darwin-arm64/-/darwin-arm64-0.25.12.tgz 1180ms (cache miss)
1676 timing reifyNode:node_modules/@esbuild/darwin-arm64 Completed in 1213ms
1677 http fetch GET 200 https://registry.npmjs.org/caniuse-lite/-/caniuse-lite-1.0.30001759.tgz 1127ms (cache miss)
1678 timing reifyNode:node_modules/caniuse-lite Completed in 1211ms
1679 http fetch GET 200 https://registry.npmjs.org/typescript/-/typescript-5.9.3.tgz 1431ms (cache miss)
1680 timing reifyNode:node_modules/typescript Completed in 1535ms
1681 timing reify:unpack Completed in 1540ms
1682 timing reify:unretire Completed in 0ms
1683 timing build:queue Completed in 3ms
1684 timing build:link:node_modules/@babel/parser Completed in 3ms
1685 timing build:link:node_modules/esbuild Completed in 3ms
1686 timing build:link:node_modules/baseline-browser-mapping Completed in 3ms
1687 timing build:link:node_modules/eslint Completed in 3ms
1688 timing build:link:node_modules/acorn Completed in 3ms
1689 timing build:link:node_modules/browserslist Completed in 3ms
1690 timing build:link:node_modules/js-yaml Completed in 3ms
1691 timing build:link:node_modules/nanoid Completed in 2ms
1692 timing build:link:node_modules/json5 Completed in 2ms
1693 timing build:link:node_modules/jsesc Completed in 3ms
1694 timing build:link:node_modules/@typescript-eslint/typescript-estree/node_modules/semver Completed in 2ms
1695 timing build:link:node_modules/typescript Completed in 2ms
1696 timing build:link:node_modules/vite Completed in 2ms
1697 timing build:link:node_modules/rollup Completed in 2ms
1698 timing build:link:node_modules/which Completed in 2ms
1699 timing build:link:node_modules/update-browserslist-db Completed in 2ms
1700 timing build:link:node_modules/semver Completed in 2ms
1701 timing build:link Completed in 3ms
1702 info run esbuild@0.25.12 postinstall node_modules/esbuild node install.js
1703 info run esbuild@0.25.12 postinstall { code: 0, signal: null }
1704 timing build:run:postinstall:node_modules/esbuild Completed in 398ms
1705 timing build:run:postinstall Completed in 398ms
1706 timing build:deps Completed in 404ms
1707 timing build Completed in 404ms
1708 timing reify:build Completed in 405ms
1709 timing reify:trash Completed in 4ms
1710 timing reify:save Completed in 17ms
1711 timing reify Completed in 6590ms
1712 silly ADD node_modules/isexe
1713 silly ADD
1714 silly ADD
1715 silly ADD
1716 silly ADD
1717 silly ADD
1718 silly ADD
1719 silly ADD
1720 silly ADD
1721 silly ADD
1722 silly ADD
1723 silly ADD
1724 silly ADD
1725 silly ADD
1726 silly ADD
1727 silly ADD
1728 silly ADD
1729 silly ADD
1730 silly ADD
1731 silly ADD
1732 silly ADD node_modules/@rollup/rollup-darwin-arm64
1733 silly ADD
1734 silly ADD
1735 silly ADD node_modules/source-map-js
1736 silly ADD node_modules/nanoid
1737 silly ADD
1738 silly ADD
1739 silly ADD
1740 silly ADD
1741 silly ADD
1742 silly ADD
1743 silly ADD
1744 silly ADD
1745 silly ADD
1746 silly ADD
1747 silly ADD
1748 silly ADD
1749 silly ADD
1750 silly ADD
1751 silly ADD
1752 silly ADD
1753 silly ADD
1754 silly ADD
1755 silly ADD
1756 silly ADD
1757 silly ADD
1758 silly ADD node_modules/@esbuild/darwin-arm64
1759 silly ADD
1760 silly ADD
1761 silly ADD
1762 silly ADD
1763 silly ADD node_modules/rollup
1764 silly ADD node_modules/postcss
1765 silly ADD node_modules/fsevents
1766 silly ADD node_modules/esbuild
1767 silly ADD node_modules/punycode
1768 silly ADD node_modules/escalade
1769 silly ADD node_modules/picomatch
1770 silly ADD node_modules/fdir
1771 silly ADD node_modules/tinyglobby
1772 silly ADD node_modules/@typescript-eslint/tsconfig-utils
1773 silly ADD node_modules/@typescript-eslint/project-service
1774 silly ADD node_modules/@typescript-eslint/types
1775 silly ADD node_modules/ts-api-utils
1776 silly ADD node_modules/graphemer
1777 silly ADD node_modules/@typescript-eslint/visitor-keys
1778 silly ADD node_modules/@typescript-eslint/type-utils
1779 silly ADD node_modules/@typescript-eslint/scope-manager
1780 silly ADD node_modules/@typescript-eslint/utils
1781 silly ADD node_modules/@typescript-eslint/typescript-estree
1782 silly ADD node_modules/@typescript-eslint/typescript-estree/node_modules/brace-expansion
1783 silly ADD node_modules/@typescript-eslint/typescript-estree/node_modules/semver
1784 silly ADD node_modules/@typescript-eslint/typescript-estree/node_modules/minimatch
1785 silly ADD node_modules/@typescript-eslint/parser
1786 silly ADD node_modules/@typescript-eslint/eslint-plugin
1787 silly ADD node_modules/@typescript-eslint/eslint-plugin/node_modules/ignore
1788 silly ADD node_modules/has-flag
1789 silly ADD node_modules/shebang-regex
1790 silly ADD node_modules/scheduler
1791 silly ADD node_modules/callsites
1792 silly ADD node_modules/yocto-queue
1793 silly ADD node_modules/p-limit
1794 silly ADD node_modules/word-wrap
1795 silly ADD node_modules/fast-levenshtein
1796 silly ADD node_modules/deep-is
1797 silly ADD node_modules/concat-map
1798 silly ADD node_modules/balanced-match
1799 silly ADD node_modules/brace-expansion
1800 silly ADD node_modules/yallist
1801 silly ADD node_modules/p-locate
1802 silly ADD node_modules/type-check
1803 silly ADD node_modules/prelude-ls
1804 silly ADD node_modules/json-buffer
1805 silly ADD node_modules/argparse
1806 silly ADD node_modules/is-extglob
1807 silly ADD node_modules/resolve-from
1808 silly ADD node_modules/parent-module
1809 silly ADD node_modules/hermes-estree
1810 silly ADD node_modules/keyv
1811 silly ADD node_modules/flatted
1812 silly ADD node_modules/path-exists
1813 silly ADD node_modules/locate-path
1814 silly ADD node_modules/flat-cache
1815 silly ADD node_modules/acorn-jsx
1816 silly ADD node_modules/acorn
1817 silly ADD node_modules/estraverse
1818 silly ADD node_modules/esrecurse
1819 silly ADD node_modules/zod-validation-error
1820 silly ADD node_modules/zod
1821 silly ADD node_modules/hermes-parser
1822 silly ADD node_modules/which
1823 silly ADD node_modules/shebang-command
1824 silly ADD node_modules/path-key
1825 silly ADD node_modules/color-name
1826 silly ADD node_modules/color-convert
1827 silly ADD node_modules/supports-color
1828 silly ADD node_modules/ansi-styles
1829 silly ADD node_modules/uri-js
1830 silly ADD node_modules/json-schema-traverse
1831 silly ADD node_modules/fast-json-stable-stringify
1832 silly ADD node_modules/@humanfs/core
1833 silly ADD node_modules/levn
1834 silly ADD node_modules/strip-json-comments
1835 silly ADD node_modules/js-yaml
1836 silly ADD node_modules/import-fresh
1837 silly ADD node_modules/@types/json-schema
1838 silly ADD node_modules/@eslint/object-schema
1839 silly ADD node_modules/optionator
1840 silly ADD node_modules/natural-compare
1841 silly ADD node_modules/minimatch
1842 silly ADD node_modules/lodash.merge
1843 silly ADD node_modules/json-stable-stringify-without-jsonify
1844 silly ADD node_modules/is-glob
1845 silly ADD node_modules/imurmurhash
1846 silly ADD node_modules/ignore
1847 silly ADD node_modules/glob-parent
1848 silly ADD node_modules/find-up
1849 silly ADD node_modules/file-entry-cache
1850 silly ADD node_modules/fast-deep-equal
1851 silly ADD node_modules/esutils
1852 silly ADD node_modules/esquery
1853 silly ADD node_modules/espree
1854 silly ADD node_modules/eslint-visitor-keys
1855 silly ADD node_modules/eslint-scope
1856 silly ADD node_modules/escape-string-regexp
1857 silly ADD node_modules/cross-spawn
1858 silly ADD node_modules/chalk
1859 silly ADD node_modules/ajv
1860 silly ADD node_modules/@types/estree
1861 silly ADD node_modules/@humanwhocodes/retry
1862 silly ADD node_modules/@humanwhocodes/module-importer
1863 silly ADD node_modules/@humanfs/node
1864 silly ADD node_modules/@eslint/plugin-kit
1865 silly ADD node_modules/@eslint/eslintrc
1866 silly ADD node_modules/@eslint/eslintrc/node_modules/globals
1867 silly ADD node_modules/@eslint/core
1868 silly ADD node_modules/@eslint/config-helpers
1869 silly ADD node_modules/@eslint/config-array
1870 silly ADD node_modules/@eslint-community/regexpp
1871 silly ADD node_modules/@eslint-community/eslint-utils
1872 silly ADD node_modules/@eslint-community/eslint-utils/node_modules/eslint-visitor-keys
1873 silly ADD node_modules/ms
1874 silly ADD node_modules/update-browserslist-db
1875 silly ADD node_modules/node-releases
1876 silly ADD node_modules/electron-to-chromium
1877 silly ADD node_modules/caniuse-lite
1878 silly ADD node_modules/baseline-browser-mapping
1879 silly ADD node_modules/@types/babel__traverse
1880 silly ADD node_modules/@types/babel__template
1881 silly ADD node_modules/@types/babel__generator
1882 silly ADD node_modules/@jridgewell/resolve-uri
1883 silly ADD node_modules/@jridgewell/sourcemap-codec
1884 silly ADD node_modules/@babel/helper-string-parser
1885 silly ADD node_modules/@babel/helper-globals
1886 silly ADD node_modules/@babel/helper-plugin-utils
1887 silly ADD node_modules/@babel/helper-module-imports
1888 silly ADD node_modules/lru-cache
1889 silly ADD node_modules/browserslist
1890 silly ADD node_modules/@babel/helper-validator-option
1891 silly ADD node_modules/@babel/compat-data
1892 silly ADD node_modules/jsesc
1893 silly ADD node_modules/@jridgewell/trace-mapping
1894 silly ADD node_modules/@jridgewell/gen-mapping
1895 silly ADD node_modules/picocolors
1896 silly ADD node_modules/js-tokens
1897 silly ADD node_modules/@babel/helper-validator-identifier
1898 silly ADD node_modules/semver
1899 silly ADD node_modules/json5
1900 silly ADD node_modules/gensync
1901 silly ADD node_modules/debug
1902 silly ADD node_modules/convert-source-map
1903 silly ADD node_modules/@jridgewell/remapping
1904 silly ADD node_modules/@babel/types
1905 silly ADD node_modules/@babel/traverse
1906 silly ADD node_modules/@babel/template
1907 silly ADD node_modules/@babel/parser
1908 silly ADD node_modules/@babel/helpers
1909 silly ADD node_modules/@babel/helper-module-transforms
1910 silly ADD node_modules/@babel/helper-compilation-targets
1911 silly ADD node_modules/@babel/generator
1912 silly ADD node_modules/@babel/code-frame
1913 silly ADD node_modules/react-refresh
1914 silly ADD node_modules/@types/babel__core
1915 silly ADD node_modules/@rolldown/pluginutils
1916 silly ADD node_modules/@babel/plugin-transform-react-jsx-source
1917 silly ADD node_modules/@babel/plugin-transform-react-jsx-self
1918 silly ADD node_modules/@babel/core
1919 silly ADD node_modules/csstype
1920 silly ADD node_modules/undici-types
1921 silly ADD node_modules/typescript-eslint
1922 silly ADD node_modules/typescript
1923 silly ADD node_modules/react-dom
1924 silly ADD node_modules/react
1925 silly ADD node_modules/globals
1926 silly ADD node_modules/eslint-plugin-react-refresh
1927 silly ADD node_modules/eslint-plugin-react-hooks
1928 silly ADD node_modules/eslint
1929 silly ADD node_modules/vite
1930 silly ADD node_modules/@vitejs/plugin-react
1931 silly ADD node_modules/@types/react-dom
1932 silly ADD node_modules/@types/react
1933 silly ADD node_modules/@types/node
1934 silly ADD node_modules/@eslint/js
1935 timing command:install Completed in 6596ms
1936 notice
1936 notice New [31mmajor[39m version of npm available! [31m9.5.0[39m -> [32m11.6.4[39m
1936 notice Changelog: [36mhttps://github.com/npm/cli/releases/tag/v11.6.4[39m
1936 notice Run [32mnpm install -g npm@11.6.4[39m to update!
1936 notice
1937 verbose exit 0
1938 timing npm Completed in 6619ms
1939 info ok
